,Alpha Dollar PnL,Net Futures Exposure
2011-06-01,0.0,0.0
2011-06-02,0.0,0.0
2011-06-03,0.0,0.0
2011-06-04,0.0,0.0
2011-06-05,0.0,0.0
2011-06-06,-10.5,1.5
2011-06-07,64.5,1.5
2011-06-08,-591.75,1.5
2011-06-09,233.25,1.5
2011-06-10,-1154.25,1.5
2011-06-11,-1154.25,1.5
2011-06-12,-1154.25,1.5
2011-06-13,-1210.5,1.5
2011-06-14,8.25,1.5
2011-06-15,-1456.5,1.5
2011-06-16,-1531.5,1.5
2011-06-17,-987.75,1.5
2011-06-18,-987.75,1.5
2011-06-19,-987.75,1.5
2011-06-20,-594.0,1.5
2011-06-21,643.5,1.5
2011-06-22,137.25,1.5
2011-06-23,-706.5,1.5
2011-06-24,-1306.5,1.5
2011-06-25,-1306.5,1.5
2011-06-26,-1306.5,1.5
2011-06-27,-369.0,1.5
2011-06-28,662.25,1.5
2011-06-29,1506.0,1.5
2011-06-30,2631.0,1.5
2011-07-01,4056.0,1.5
2011-07-02,4056.0,1.5
2011-07-03,4056.0,1.5
2011-07-04,4056.0,1.5
2011-07-05,3906.0,1.5
2011-07-06,3924.75,1.5
2011-07-07,5106.0,1.5
2011-07-08,4281.0,1.5
2011-07-09,4281.0,1.5
2011-07-10,4281.0,1.5
2011-07-11,2462.25,1.5
2011-07-12,2293.5,1.5
2011-07-13,2274.75,1.5
2011-07-14,1806.0,1.5
2011-07-15,2199.75,1.5
2011-07-16,2199.75,1.5
2011-07-17,2199.75,1.5
2011-07-18,1318.5,1.5
2011-07-19,3081.0,1.5
2011-07-20,3043.5,1.5
2011-07-21,4431.0,1.5
2011-07-22,4431.0,1.5
2011-07-23,4431.0,1.5
2011-07-24,4431.0,1.5
2011-07-25,3924.75,1.5
2011-07-26,3531.0,1.5
2011-07-27,1506.0,1.5
2011-07-28,1149.75,1.5
2011-07-29,531.0,1.5
2011-07-30,531.0,1.5
2011-07-31,531.0,1.5
2011-08-01,193.5,1.5
2011-08-02,-1981.5,1.5
2011-08-03,-2000.25,1.5
2011-08-04,-5900.25,1.5
2011-08-05,-6331.5,1.5
2011-08-06,-6331.5,1.5
2011-08-07,-6331.5,1.5
2011-08-08,-11919.0,1.5
2011-08-09,-10062.75,1.5
2011-08-10,-11675.25,1.5
2011-08-11,-7437.75,1.5
2011-08-12,-8112.75,1.5
2011-08-13,-8112.75,1.5
2011-08-14,-8112.75,1.5
2011-08-15,-6106.5,1.5
2011-08-16,-6519.0,1.5
2011-08-17,-6819.0,1.5
2011-08-18,-11356.5,1.5
2011-08-19,-11825.25,1.5
2011-08-20,-11825.25,1.5
2011-08-21,-11825.25,1.5
2011-08-22,-11562.75,1.5
2011-08-23,-9387.75,1.5
2011-08-24,-8000.25,1.5
2011-08-25,-9594.0,1.5
2011-08-26,-8169.0,1.5
2011-08-27,-8169.0,1.5
2011-08-28,-8169.0,1.5
2011-08-29,-5619.0,1.5
2011-08-30,-4850.25,1.5
2011-08-31,-4681.5,1.5
2011-09-01,-5750.25,1.5
2011-09-02,-8000.25,1.5
2011-09-03,-8000.25,1.5
2011-09-04,-8000.25,1.5
2011-09-05,-8000.25,1.5
2011-09-06,-9237.75,1.5
2011-09-07,-6575.25,1.5
2011-09-08,-6987.75,1.5
2011-09-09,-9594.0,1.5
2011-09-10,-9594.0,1.5
2011-09-11,-9594.0,1.5
2011-09-12,-9575.25,1.5
2011-09-13,-8131.5,1.5
2011-09-14,-6465.0,1.5
2011-09-15,-5546.25,1.5
2011-09-16,-4983.75,1.5
2011-09-17,-4983.75,1.5
2011-09-18,-4983.75,1.5
2011-09-19,-5565.0,1.5
2011-09-20,-5883.75,1.5
2011-09-21,-7871.25,1.5
2011-09-22,-11865.0,1.5
2011-09-23,-10983.75,1.5
2011-09-24,-10983.75,1.5
2011-09-25,-10983.75,1.5
2011-09-26,-9183.75,1.5
2011-09-27,-7908.75,1.5
2011-09-28,-9540.0,1.5
2011-09-29,-9502.5,1.5
2011-09-30,-10608.75,1.5
2011-10-01,-10608.75,1.5
2011-10-02,-10608.75,1.5
2011-10-03,-13121.25,1.5
2011-10-04,-13196.25,1.5
2011-10-05,-10233.75,1.5
2011-10-06,-8921.25,1.5
2011-10-07,-8771.25,1.5
2011-10-08,-8771.25,1.5
2011-10-09,-8771.25,1.5
2011-10-10,-8771.25,1.5
2011-10-11,-6246.0,3.5
2011-10-12,-3052.25,3.5
2011-10-13,-5333.25,1.5
2011-10-14,-3852.0,1.5
2011-10-15,-3852.0,1.5
2011-10-16,-3852.0,1.5
2011-10-17,-5202.0,1.5
2011-10-18,-3439.5,1.5
2011-10-19,-4683.0,3.5
2011-10-20,-3808.0,3.5
2011-10-21,-789.25,3.5
2011-10-22,-789.25,3.5
2011-10-23,-789.25,3.5
2011-10-24,2579.5,3.5
2011-10-25,-1189.0,1.5
2011-10-26,-195.25,1.5
2011-10-27,3061.25,3.5
2011-10-28,2623.75,3.5
2011-10-29,2623.75,3.5
2011-10-30,2623.75,3.5
2011-10-31,-2194.75,1.5
2011-11-01,-4838.5,1.5
2011-11-02,-3769.75,1.5
2011-11-03,-1844.5,3.5
2011-11-04,-3338.0,1.5
2011-11-05,-3338.0,1.5
2011-11-06,-3338.0,1.5
2011-11-07,-2875.25,3.5
2011-11-08,-37.5,1.5
2011-11-09,-3474.75,3.5
2011-11-10,-1593.5,3.5
2011-11-11,-1593.5,3.5
2011-11-12,-1593.5,3.5
2011-11-13,-1593.5,3.5
2011-11-14,806.75,1.5
2011-11-15,1481.75,1.5
2011-11-16,-18.25,1.5
2011-11-17,-2368.0,3.5
2011-11-18,-1361.75,3.5
2011-11-19,-1361.75,3.5
2011-11-20,-1361.75,3.5
2011-11-21,-4643.0,3.5
2011-11-22,-6130.5,3.5
2011-11-23,-9499.25,3.5
2011-11-24,-9499.25,3.5
2011-11-25,-11949.25,3.5
2011-11-26,-11949.25,3.5
2011-11-27,-11949.25,3.5
2011-11-28,-6749.0,5.5
2011-11-29,-2836.25,3.5
2011-11-30,4939.25,3.5
2011-12-01,5239.5,1.5
2011-12-02,5214.75,3.5
2011-12-03,5214.75,3.5
2011-12-04,5214.75,3.5
2011-12-05,6608.75,1.5
2011-12-06,7290.5,5.5
2011-12-07,8103.5,1.5
2011-12-08,6222.5,3.5
2011-12-09,9229.25,3.5
2011-12-10,9229.25,3.5
2011-12-11,9229.25,3.5
2011-12-12,5448.75,5.5
2011-12-13,2274.25,5.5
2011-12-14,-801.75,7.5
2011-12-15,780.0,3.5
2011-12-16,1074.25,7.5
2011-12-17,1074.25,7.5
2011-12-18,1074.25,7.5
2011-12-19,-4469.0,3.5
2011-12-20,2262.5,5.5
2011-12-21,2588.25,3.5
2011-12-22,4370.0,3.5
2011-12-23,6283.0,3.5
2011-12-24,6283.0,3.5
2011-12-25,6283.0,3.5
2011-12-26,6283.0,3.5
2011-12-27,6796.0,3.5
2011-12-28,3858.75,1.5
2011-12-29,4821.75,5.5
2011-12-30,3984.75,1.5
2011-12-31,3984.75,1.5
2012-01-01,3984.75,1.5
2012-01-02,3984.75,1.5
2012-01-03,5529.0,5.5
2012-01-04,4898.25,1.5
2012-01-05,5148.75,5.5
2012-01-06,4311.75,1.5
2012-01-07,4311.75,1.5
2012-01-08,4311.75,1.5
2012-01-09,4568.25,3.5
2012-01-10,6268.5,1.5
2012-01-11,6387.75,5.5
2012-01-12,7269.5,1.5
2012-01-13,6695.0,5.5
2012-01-14,6695.0,5.5
2012-01-15,6695.0,5.5
2012-01-16,6695.0,5.5
2012-01-17,8132.75,3.5
2012-01-18,10395.75,3.5
2012-01-19,11658.5,1.5
2012-01-20,11652.5,3.5
2012-01-21,11652.5,3.5
2012-01-22,11652.5,3.5
2012-01-23,12302.75,1.5
2012-01-24,11972.0,5.5
2012-01-25,15810.0,1.5
2012-01-26,15048.0,5.5
2012-01-27,15586.0,1.5
2012-01-28,15586.0,1.5
2012-01-29,15586.0,1.5
2012-01-30,14923.75,3.5
2012-01-31,15305.5,3.5
2012-02-01,17743.5,3.5
2012-02-02,17650.0,1.5
2012-02-03,18956.5,3.5
2012-02-04,18956.5,3.5
2012-02-05,18956.5,3.5
2012-02-06,18956.5,3.5
2012-02-07,19962.75,3.5
2012-02-08,20137.75,3.5
2012-02-09,20444.0,3.5
2012-02-10,18606.5,3.5
2012-02-11,18606.5,3.5
2012-02-12,18606.5,3.5
2012-02-13,20356.5,3.5
2012-02-14,19913.0,5.5
2012-02-15,19082.0,7.5
2012-02-16,24507.5,3.5
2012-02-17,24982.75,5.5
2012-02-18,24982.75,5.5
2012-02-19,24982.75,5.5
2012-02-20,24982.75,5.5
2012-02-21,24914.0,5.5
2012-02-22,24083.0,3.5
2012-02-23,24995.75,5.5
2012-02-24,25471.0,3.5
2012-02-25,25471.0,3.5
2012-02-26,25471.0,3.5
2012-02-27,26115.25,3.5
2012-02-28,26759.5,3.5
2012-02-29,25622.0,3.5
2012-03-01,26791.25,3.5
2012-03-02,26304.0,1.5
2012-03-03,26304.0,1.5
2012-03-04,26304.0,1.5
2012-03-05,25935.75,5.5
2012-03-06,20092.0,5.5
2012-03-07,23317.25,3.5
2012-03-08,25449.0,3.5
2012-03-09,26230.5,1.5
2012-03-10,26230.5,1.5
2012-03-11,26230.5,1.5
2012-03-12,26193.0,1.5
2012-03-13,27949.5,3.5
2012-03-14,27866.75,1.5
2012-03-15,28479.5,3.5
2012-03-16,28998.5,1.5
2012-03-17,28998.5,1.5
2012-03-18,28998.5,1.5
2012-03-19,29386.25,3.5
2012-03-20,28374.0,5.5
2012-03-21,28711.75,3.5
2012-03-22,26562.0,5.5
2012-03-23,27656.0,7.5
2012-03-24,27656.0,7.5
2012-03-25,27656.0,7.5
2012-03-26,34394.0,3.5
2012-03-27,34175.25,3.5
2012-03-28,32675.75,7.5
2012-03-29,32013.5,5.5
2012-03-30,33514.0,5.5
2012-03-31,33514.0,5.5
2012-04-01,33514.0,5.5
2012-04-02,36607.75,5.5
2012-04-03,34264.25,3.5
2012-04-04,32414.75,7.5
2012-04-05,31752.5,5.5
2012-04-06,26521.5,7.5
2012-04-07,26521.5,7.5
2012-04-08,26521.5,7.5
2012-04-09,27921.75,5.5
2012-04-10,21384.5,7.5
2012-04-11,24572.0,7.5
2012-04-12,32060.0,3.5
2012-04-13,29560.25,5.5
2012-04-14,29560.25,5.5
2012-04-15,29560.25,5.5
2012-04-16,29204.5,5.5
2012-04-17,34561.0,3.5
2012-04-18,33680.0,5.5
2012-04-19,31330.5,5.5
2012-04-20,31393.25,7.5
2012-04-21,31393.25,7.5
2012-04-22,31393.25,7.5
2012-04-23,26799.5,7.5
2012-04-24,29043.5,5.5
2012-04-25,33775.25,5.5
2012-04-26,36931.75,3.5
2012-04-27,37588.0,3.5
2012-04-28,37588.0,3.5
2012-04-29,37588.0,3.5
2012-04-30,36351.0,7.5
2012-05-01,40194.75,7.5
2012-05-02,38495.25,3.5
2012-05-03,36558.25,7.5
2012-05-04,28958.5,5.5
2012-05-05,28958.5,5.5
2012-05-06,28958.5,5.5
2012-05-07,28883.75,7.5
2012-05-08,26252.75,5.5
2012-05-09,24803.0,7.5
2012-05-10,24334.25,7.5
2012-05-11,23015.75,5.5
2012-05-12,23015.75,5.5
2012-05-13,23015.75,5.5
2012-05-14,18953.5,7.5
2012-05-15,16603.75,5.5
2012-05-16,15160.0,5.5
2012-05-17,9654.0,7.5
2012-05-18,4679.25,5.5
2012-05-19,4679.25,5.5
2012-05-20,4679.25,5.5
2012-05-21,10585.75,7.5
2012-05-22,10023.25,7.5
2012-05-23,11980.0,3.5
2012-05-24,11930.25,5.5
2012-05-25,11706.0,3.5
2012-05-26,11706.0,3.5
2012-05-27,11706.0,3.5
2012-05-28,11706.0,3.5
2012-05-29,14412.5,1.5
2012-05-30,13075.25,3.5
2012-05-31,13156.75,5.5
2012-06-01,3244.75,5.5
2012-06-02,3244.75,5.5
2012-06-03,3244.75,5.5
2012-06-04,2682.75,5.5
2012-06-05,2951.75,3.5
2012-06-06,2945.75,5.5
2012-06-07,13739.5,5.5
2012-06-08,15996.25,1.5
2012-06-09,15996.25,1.5
2012-06-10,15996.25,1.5
2012-06-11,15253.0,5.5
2012-06-12,17722.0,3.5
2012-06-13,15764.0,3.5
2012-06-14,18864.25,5.5
2012-06-15,21814.5,3.5
2012-06-16,21814.5,3.5
2012-06-17,21814.5,3.5
2012-06-18,22421.0,5.5
2012-06-19,26333.75,3.5
2012-06-20,25590.0,3.5
2012-06-21,20815.25,5.5
2012-06-22,23353.0,3.5
2012-06-23,23353.0,3.5
2012-06-24,23353.0,3.5
2012-06-25,19715.75,5.5
2012-06-26,21697.5,5.5
2012-06-27,24585.0,5.5
2012-06-28,23066.5,7.5
2012-06-29,34966.75,5.5
2012-06-30,34966.75,5.5
2012-07-01,34966.75,5.5
2012-07-02,36192.25,5.5
2012-07-03,39079.75,5.5
2012-07-04,39079.75,5.5
2012-07-05,37836.25,3.5
2012-07-06,35424.0,5.5
2012-07-07,35424.0,5.5
2012-07-08,35424.0,5.5
2012-07-09,34386.75,3.5
2012-07-10,32149.5,5.5
2012-07-11,33037.25,7.5
2012-07-12,32093.75,5.5
2012-07-13,37037.75,7.5
2012-07-14,37037.75,7.5
2012-07-15,37037.75,7.5
2012-07-16,35069.0,7.5
2012-07-17,38900.75,3.5
2012-07-18,40732.25,5.5
2012-07-19,42170.0,3.5
2012-07-20,39757.75,5.5
2012-07-21,39757.75,5.5
2012-07-22,39757.75,5.5
2012-07-23,36457.75,5.5
2012-07-24,31908.25,5.5
2012-07-25,32177.25,7.5
2012-07-26,42015.0,5.5
2012-07-27,49227.75,3.5
2012-07-28,49227.75,3.5
2012-07-29,49227.75,3.5
2012-07-30,48515.75,3.5
2012-07-31,47847.5,3.5
2012-08-01,47579.0,5.5
2012-08-02,43448.0,3.5
2012-08-03,48123.25,1.5
2012-08-04,48123.25,1.5
2012-08-05,48123.25,1.5
2012-08-06,48617.5,5.5
2012-08-07,50192.75,3.5
2012-08-08,50105.25,3.5
2012-08-09,50274.25,5.5
2012-08-10,50818.25,3.5
2012-08-11,50818.25,3.5
2012-08-12,50818.25,3.5
2012-08-13,50681.0,5.5
2012-08-14,50331.25,3.5
2012-08-15,51075.0,3.5
2012-08-16,52862.75,5.5
2012-08-17,52925.5,3.5
2012-08-18,52925.5,3.5
2012-08-19,52925.5,3.5
2012-08-20,53007.0,5.5
2012-08-21,51838.25,5.5
2012-08-22,51901.0,3.5
2012-08-23,50232.5,5.5
2012-08-24,53045.25,3.5
2012-08-25,53045.25,3.5
2012-08-26,53045.25,3.5
2012-08-27,52470.5,5.5
2012-08-28,52670.75,7.5
2012-08-29,53133.5,5.5
2012-08-30,50308.75,7.5
2012-08-31,51902.5,7.5
2012-09-01,51902.5,7.5
2012-09-02,51902.5,7.5
2012-09-03,51902.5,7.5
2012-09-04,51603.25,1.5
2012-09-05,51516.25,5.5
2012-09-06,58992.0,3.5
2012-09-07,60042.0,3.5
2012-09-08,60042.0,3.5
2012-09-09,60042.0,3.5
2012-09-10,58854.75,5.5
2012-09-11,59880.0,3.5
2012-09-12,60224.0,5.5
2012-09-13,67436.75,3.5
2012-09-14,67655.5,3.5
2012-09-15,67655.5,3.5
2012-09-16,67655.5,3.5
2012-09-17,67343.25,5.5
2012-09-18,66649.75,3.5
2012-09-19,67529.5,5.5
2012-09-20,66292.0,5.5
2012-09-21,66836.0,3.5
2012-09-22,66836.0,3.5
2012-09-23,66836.0,3.5
2012-09-24,66348.75,5.5
2012-09-25,62418.0,5.5
2012-09-26,59736.75,5.5
2012-09-27,63580.75,7.5
2012-09-28,61137.25,5.5
2012-09-29,61137.25,5.5
2012-09-30,61137.25,5.5
2012-10-01,61818.75,7.5
2012-10-02,62193.75,7.5
2012-10-03,64619.25,3.5
2012-10-04,66363.25,5.5
2012-10-05,65807.25,3.5
2012-10-06,65807.25,3.5
2012-10-07,65807.25,3.5
2012-10-08,65807.25,3.5
2012-10-09,63132.5,5.5
2012-10-10,60239.0,7.5
2012-10-11,60889.25,5.5
2012-10-12,59508.25,7.5
2012-10-13,59508.25,7.5
2012-10-14,59508.25,7.5
2012-10-15,63439.75,5.5
2012-10-16,67496.0,5.5
2012-10-17,69477.75,5.5
2012-10-18,68853.0,3.5
2012-10-19,64647.0,5.5
2012-10-20,64647.0,5.5
2012-10-21,64647.0,5.5
2012-10-22,62716.0,7.5
2012-10-23,57178.75,5.5
2012-10-24,55522.75,7.5
2012-10-25,57016.75,5.5
2012-10-26,57291.75,5.5
2012-10-27,57291.75,5.5
2012-10-28,57291.75,5.5
2012-10-29,55973.5,5.5
2012-10-30,58305.0,3.5
2012-10-31,57593.0,7.5
2012-11-01,62930.75,5.5
2012-11-02,50812.75,3.5
2012-11-03,50812.75,3.5
2012-11-04,50812.75,3.5
2012-11-05,57363.25,7.5
2012-11-06,60351.25,3.5
2012-11-07,55701.75,7.5
2012-11-08,48858.0,7.5
2012-11-09,37508.25,5.5
2012-11-10,37508.25,5.5
2012-11-11,37508.25,5.5
2012-11-12,37508.25,5.5
2012-11-13,44171.0,7.5
2012-11-14,37133.75,5.5
2012-11-15,28877.75,7.5
2012-11-16,41815.25,7.5
2012-11-17,41815.25,7.5
2012-11-18,41815.25,7.5
2012-11-19,50434.25,5.5
2012-11-20,50972.25,5.5
2012-11-21,52410.0,3.5
2012-11-22,52410.0,3.5
2012-11-23,55385.0,3.5
2012-11-24,55385.0,3.5
2012-11-25,55385.0,3.5
2012-11-26,54810.25,5.5
2012-11-27,53498.0,3.5
2012-11-28,55285.75,5.5
2012-11-29,57411.0,3.5
2012-11-30,57017.25,3.5
2012-12-01,57017.25,3.5
2012-12-02,57017.25,3.5
2012-12-03,56530.0,5.5
2012-12-04,55561.5,3.5
2012-12-05,56036.75,5.5
2012-12-06,56655.5,5.5
2012-12-07,58024.5,3.5
2012-12-08,58024.5,3.5
2012-12-09,58024.5,3.5
2012-12-10,58499.75,5.5
2012-12-11,60625.0,3.5
2012-12-12,60581.25,3.5
2012-12-13,59694.25,7.5
2012-12-14,56782.0,5.5
2012-12-15,56782.0,5.5
2012-12-16,56782.0,5.5
2012-12-17,60413.75,5.5
2012-12-18,64882.5,5.5
2012-12-19,63937.75,3.5
2012-12-20,64019.25,5.5
2012-12-21,60507.0,3.5
2012-12-22,60507.0,3.5
2012-12-23,60507.0,3.5
2012-12-24,59751.25,7.5
2012-12-25,59751.25,7.5
2012-12-26,58157.5,7.5
2012-12-27,57870.25,5.5
2012-12-28,53395.5,7.5
2012-12-29,53395.5,7.5
2012-12-30,53395.5,7.5
2012-12-31,60139.5,5.5
2013-01-01,60139.5,5.5
2013-01-02,69621.0,3.5
2013-01-03,69921.25,5.5
2013-01-04,72184.0,3.5
2013-01-05,72184.0,3.5
2013-01-06,72184.0,3.5
2013-01-07,71303.0,5.5
2013-01-08,69721.75,5.5
2013-01-09,70953.25,3.5
2013-01-10,73047.25,5.5
2013-01-11,73178.75,3.5
2013-01-12,73178.75,3.5
2013-01-13,73178.75,3.5
2013-01-14,72741.25,3.5
2013-01-15,73172.75,5.5
2013-01-16,73235.5,3.5
2013-01-17,75110.75,5.5
2013-01-18,75311.0,3.5
2013-01-19,75311.0,3.5
2013-01-20,75311.0,3.5
2013-01-21,75311.0,3.5
2013-01-22,76492.25,3.5
2013-01-23,77142.5,5.5
2013-01-24,77892.75,3.5
2013-01-25,78368.0,5.5
2013-01-26,78368.0,5.5
2013-01-27,78368.0,5.5
2013-01-28,78918.0,5.5
2013-01-29,80905.75,3.5
2013-01-30,79674.75,5.5
2013-01-31,78981.25,3.5
2013-02-01,81518.75,3.5
2013-02-02,81518.75,3.5
2013-02-03,81518.75,3.5
2013-02-04,78581.5,5.5
2013-02-05,82969.5,5.5
2013-02-06,82407.5,5.5
2013-02-07,81788.75,5.5
2013-02-08,84051.5,3.5
2013-02-09,84051.5,3.5
2013-02-10,84051.5,3.5
2013-02-11,84308.0,5.5
2013-02-12,84639.75,5.5
2013-02-13,84627.75,5.5
2013-02-14,85515.5,7.5
2013-02-15,84753.5,3.5
2013-02-16,84753.5,3.5
2013-02-17,84753.5,3.5
2013-02-18,84753.5,3.5
2013-02-19,86585.0,5.5
2013-02-20,82448.0,5.5
2013-02-21,79766.75,5.5
2013-02-22,82442.0,7.5
2013-02-23,82442.0,7.5
2013-02-24,82442.0,7.5
2013-02-25,76061.0,5.5
2013-02-26,76605.0,7.5
2013-02-27,84286.5,5.5
2013-02-28,84624.25,3.5
2013-03-01,84131.0,7.5
2013-03-02,84131.0,7.5
2013-03-03,84131.0,7.5
2013-03-04,86462.75,3.5
2013-03-05,89525.25,3.5
2013-03-06,89475.5,5.5
2013-03-07,90569.5,3.5
2013-03-08,91919.75,5.5
2013-03-09,91919.75,5.5
2013-03-10,91919.75,5.5
2013-03-11,92670.0,3.5
2013-03-12,92270.25,5.5
2013-03-13,92900.75,5.5
2013-03-14,95232.25,3.5
2013-03-15,94701.25,5.5
2013-03-16,94701.25,5.5
2013-03-17,94701.25,5.5
2013-03-18,92151.5,7.5
2013-03-19,90364.25,5.5
2013-03-20,94477.25,5.5
2013-03-21,90552.5,3.5
2013-03-22,91815.25,5.5
2013-03-23,91815.25,5.5
2013-03-24,91815.25,5.5
2013-03-25,90434.25,7.5
2013-03-26,96053.25,5.5
2013-03-27,95841.0,7.5
2013-03-28,88241.25,5.5
2013-03-29,95591.5,3.5
2013-03-30,95591.5,3.5
2013-03-31,95591.5,3.5
2013-04-01,94092.0,7.5
2013-04-02,95767.5,3.5
2013-04-03,93749.0,5.5
2013-04-04,95124.0,5.5
2013-04-05,93261.75,3.5
2013-04-06,93261.75,3.5
2013-04-07,93261.75,3.5
2013-04-08,94868.5,7.5
2013-04-09,98050.0,5.5
2013-04-10,103412.5,5.5
2013-04-11,104644.0,7.5
2013-04-12,102669.25,5.5
2013-04-13,102669.25,5.5
2013-04-14,102669.25,5.5
2013-04-15,94063.5,5.5
2013-04-16,98669.75,5.5
2013-04-17,92682.5,3.5
2013-04-18,90926.5,5.5
2013-04-19,94627.0,5.5
2013-04-20,94627.0,5.5
2013-04-21,94627.0,5.5
2013-04-22,96758.25,5.5
2013-04-23,100739.75,7.5
2013-04-24,101477.75,3.5
2013-04-25,102740.5,5.5
2013-04-26,102253.25,3.5
2013-04-27,102253.25,3.5
2013-04-28,102253.25,3.5
2013-04-29,104003.25,3.5
2013-04-30,104259.75,5.5
2013-05-01,100335.0,3.5
2013-05-02,103041.5,5.5
2013-05-03,108266.5,5.5
2013-05-04,108266.5,5.5
2013-05-05,108266.5,5.5
2013-05-06,108954.0,5.5
2013-05-07,110947.75,5.5
2013-05-08,112798.0,3.5
2013-05-09,111829.5,5.5
2013-05-10,113267.25,3.5
2013-05-11,113267.25,3.5
2013-05-12,113267.25,3.5
2013-05-13,113742.5,5.5
2013-05-14,118411.5,3.5
2013-05-15,119855.25,3.5
2013-05-16,118536.75,5.5
2013-05-17,123068.25,3.5
2013-05-18,123068.25,3.5
2013-05-19,123068.25,3.5
2013-05-20,122837.5,7.5
2013-05-21,124150.0,7.5
2013-05-22,117956.5,5.5
2013-05-23,117263.0,7.5
2013-05-24,115469.75,3.5
2013-05-25,115469.75,3.5
2013-05-26,115469.75,3.5
2013-05-27,115469.75,3.5
2013-05-28,118351.25,5.5
2013-05-29,115045.25,7.5
2013-05-30,118220.75,3.5
2013-05-31,115196.0,5.5
2013-06-01,115196.0,5.5
2013-06-02,115196.0,5.5
2013-06-03,114433.75,7.5
2013-06-04,113490.25,5.5
2013-06-05,107021.75,7.5
2013-06-06,109828.25,5.5
2013-06-07,115803.5,7.5
2013-06-08,115803.5,7.5
2013-06-09,115803.5,7.5
2013-06-10,116834.75,7.5
2013-06-11,110360.0,5.5
2013-06-12,107122.75,7.5
2013-06-13,116017.0,3.5
2013-06-14,113960.75,3.5
2013-06-15,113960.75,3.5
2013-06-16,113960.75,3.5
2013-06-17,116142.25,5.5
2013-06-18,119848.75,3.5
2013-06-19,116703.5,5.5
2013-06-20,116697.5,7.5
2013-06-21,116685.5,3.5
2013-06-22,116685.5,3.5
2013-06-23,116685.5,3.5
2013-06-24,116679.5,5.5
2013-06-25,116673.5,3.5
2013-06-26,116673.5,3.5
2013-06-27,116661.5,7.5
2013-06-28,116655.5,5.5
2013-06-29,116655.5,5.5
2013-06-30,116655.5,5.5
2013-07-01,116649.5,7.5
2013-07-02,116643.5,5.5
2013-07-03,116637.5,3.5
2013-07-04,116637.5,3.5
2013-07-05,116631.5,5.5
2013-07-06,116631.5,5.5
2013-07-07,116631.5,5.5
2013-07-08,116625.5,3.5
2013-07-09,116613.5,7.5
2013-07-10,116613.5,7.5
2013-07-11,116607.5,5.5
2013-07-12,116595.5,5.5
2013-07-13,116595.5,5.5
2013-07-14,116595.5,5.5
2013-07-15,116589.5,3.5
2013-07-16,116589.5,3.5
2013-07-17,116577.5,7.5
2013-07-18,116571.5,5.5
2013-07-19,116565.5,7.5
2013-07-20,116565.5,7.5
2013-07-21,116565.5,7.5
2013-07-22,116559.5,5.5
2013-07-23,116553.5,3.5
2013-07-24,116547.5,5.5
2013-07-25,116535.5,5.5
2013-07-26,116535.5,5.5
2013-07-27,116535.5,5.5
2013-07-28,116535.5,5.5
2013-07-29,116529.5,7.5
2013-07-30,116517.5,3.5
2013-07-31,116511.5,5.5
2013-08-01,116511.5,5.5
2013-08-02,116499.5,5.5
2013-08-03,116499.5,5.5
2013-08-04,116499.5,5.5
2013-08-05,116493.5,7.5
2013-08-06,116487.5,5.5
2013-08-07,131606.5,3.5
2013-08-08,132650.5,5.5
2013-08-09,130857.0,3.5
2013-08-10,130857.0,3.5
2013-08-11,130857.0,3.5
2013-08-12,130501.0,5.5
2013-08-13,131870.0,3.5
2013-08-14,130513.75,3.5
2013-08-15,126307.75,5.5
2013-08-16,125339.25,3.5
2013-08-17,125339.25,3.5
2013-08-18,125339.25,3.5
2013-08-19,123402.25,7.5
2013-08-20,126402.25,7.5
2013-08-21,123021.25,5.5
2013-08-22,126315.25,7.5
2013-08-23,128184.25,5.5
2013-08-24,128184.25,5.5
2013-08-25,128184.25,5.5
2013-08-26,127290.5,5.5
2013-08-27,119166.0,5.5
2013-08-28,121222.5,3.5
2013-08-29,121341.75,7.5
2013-08-30,118054.5,5.5
2013-08-31,118054.5,5.5
2013-09-01,118054.5,5.5
2013-09-02,118054.5,5.5
2013-09-03,120861.25,5.5
2013-09-04,124418.25,3.5
2013-09-05,124806.0,1.5
2013-09-06,125043.75,3.5
2013-09-07,125043.75,3.5
2013-09-08,125043.75,3.5
2013-09-09,127312.75,5.5
2013-09-10,130463.25,1.5
2013-09-11,130757.25,3.5
2013-09-12,130395.25,3.5
2013-09-13,131007.75,3.5
2013-09-14,131007.75,3.5
2013-09-15,131007.75,3.5
2013-09-16,132614.5,3.5
2013-09-17,134096.0,1.5
2013-09-18,135644.0,3.5
2013-09-19,135294.0,3.5
2013-09-20,133056.75,1.5
2013-09-21,133056.75,1.5
2013-09-22,133056.75,1.5
2013-09-23,132482.25,5.5
2013-09-24,131513.75,3.5
2013-09-25,130589.0,5.5
2013-09-26,131064.25,7.5
2013-09-27,129277.0,5.5
2013-09-28,129277.0,5.5
2013-09-29,129277.0,5.5
2013-09-30,126377.5,5.5
2013-10-01,128984.0,3.5
2013-10-02,129115.25,3.5
2013-10-03,127446.75,5.5
2013-10-04,129640.75,3.5
2013-10-05,129640.75,3.5
2013-10-06,129640.75,3.5
2013-10-07,127835.0,3.5
2013-10-08,124635.25,5.5
2013-10-09,123873.0,3.5
2013-10-10,129817.0,5.5
2013-10-11,132211.25,1.5
2013-10-12,132211.25,1.5
2013-10-13,132211.25,1.5
2013-10-14,132211.25,1.5
2013-10-15,132117.5,1.5
2013-10-16,133667.75,3.5
2013-10-17,135893.0,1.5
2013-10-18,136674.5,3.5
2013-10-19,136674.5,3.5
2013-10-20,136674.5,3.5
2013-10-21,136750.0,3.5
2013-10-22,138937.5,3.5
2013-10-23,137306.75,3.5
2013-10-24,138219.5,1.5
2013-10-25,138713.75,5.5
2013-10-26,138713.75,5.5
2013-10-27,138713.75,5.5
2013-10-28,139464.0,3.5
2013-10-29,141126.5,3.5
2013-10-30,140239.5,3.5
2013-10-31,139664.75,1.5
2013-11-01,139690.25,5.5
2013-11-02,139690.25,5.5
2013-11-03,139690.25,5.5
2013-11-04,140790.25,5.5
2013-11-05,140365.75,1.5
2013-11-06,140722.0,1.5
2013-11-07,139141.0,3.5
2013-11-08,142810.0,1.5
2013-11-09,142810.0,1.5
2013-11-10,142810.0,1.5
2013-11-11,142810.0,1.5
2013-11-12,142741.75,5.5
2013-11-13,146035.75,3.5
2013-11-14,148267.0,3.5
2013-11-15,149048.5,5.5
2013-11-16,149048.5,5.5
2013-11-17,149048.5,5.5
2013-11-18,147317.75,1.5
2013-11-19,147199.25,3.5
2013-11-20,146061.75,3.5
2013-11-21,148587.25,3.5
2013-11-22,150287.5,5.5
2013-11-23,150287.5,5.5
2013-11-24,150287.5,5.5
2013-11-25,149525.25,7.5
2013-11-26,150925.5,5.5
2013-11-27,151544.25,5.5
2013-11-28,151544.25,5.5
2013-11-29,150913.5,5.5
2013-11-30,150913.5,5.5
2013-12-01,150913.5,5.5
2013-12-02,149532.5,3.5
2013-12-03,148126.5,5.5
2013-12-04,149157.75,5.5
2013-12-05,146126.75,3.5
2013-12-06,149352.25,7.5
2013-12-07,149352.25,7.5
2013-12-08,149352.25,7.5
2013-12-09,151502.5,5.5
2013-12-10,150115.5,5.5
2013-12-11,143922.0,3.5
2013-12-12,143303.5,5.5
2013-12-13,143234.75,5.5
2013-12-14,143234.75,5.5
2013-12-15,143234.75,5.5
2013-12-16,146247.75,5.5
2013-12-17,144517.0,5.5
2013-12-18,152234.75,3.5
2013-12-19,152016.0,3.5
2013-12-20,154022.5,5.5
2013-12-21,154022.5,5.5
2013-12-22,154022.5,5.5
2013-12-23,156147.75,3.5
2013-12-24,157454.25,5.5
2013-12-25,157454.25,5.5
2013-12-26,159723.0,5.5
2013-12-27,159373.25,3.5
2013-12-28,159373.25,3.5
2013-12-29,159373.25,3.5
2013-12-30,159061.0,5.5
2013-12-31,161111.5,5.5
2014-01-01,161111.5,5.5
2014-01-02,156911.75,3.5
2014-01-03,157124.5,5.5
2014-01-04,157124.5,5.5
2014-01-05,157124.5,5.5
2014-01-06,155737.5,5.5
2014-01-07,158550.25,7.5
2014-01-08,157507.0,3.5
2014-01-09,157857.0,3.5
2014-01-10,158457.5,7.5
2014-01-11,158457.5,7.5
2014-01-12,158457.5,7.5
2014-01-13,149070.5,3.5
2014-01-14,152827.0,5.5
2014-01-15,155777.25,7.5
2014-01-16,153990.0,5.5
2014-01-17,151846.75,5.5
2014-01-18,151846.75,5.5
2014-01-19,151846.75,5.5
2014-01-20,151846.75,5.5
2014-01-21,153828.5,5.5
2014-01-22,154653.5,5.5
2014-01-23,149416.5,5.5
2014-01-24,139991.75,3.5
2014-01-25,139991.75,3.5
2014-01-26,139991.75,3.5
2014-01-27,138842.25,7.5
2014-01-28,141092.25,7.5
2014-01-29,135086.25,5.5
2014-01-30,140236.5,7.5
2014-01-31,135918.0,5.5
2014-02-01,135918.0,5.5
2014-02-02,135918.0,5.5
2014-02-03,124155.75,7.5
2014-02-04,129681.0,5.5
2014-02-05,129193.75,7.5
2014-02-06,136693.75,7.5
2014-02-07,145963.0,3.5
2014-02-08,145963.0,3.5
2014-02-09,145963.0,3.5
2014-02-10,146088.25,5.5
2014-02-11,152407.25,3.5
2014-02-12,152144.75,3.5
2014-02-13,153839.0,7.5
2014-02-14,157295.75,3.5
2014-02-15,157295.75,3.5
2014-02-16,157295.75,3.5
2014-02-17,157295.75,3.5
2014-02-18,157808.75,7.5
2014-02-19,153302.75,5.5
2014-02-20,156809.0,5.5
2014-02-21,156321.75,7.5
2014-02-22,156321.75,7.5
2014-02-23,156321.75,7.5
2014-02-24,160815.75,5.5
2014-02-25,158403.5,7.5
2014-02-26,159247.25,7.5
2014-02-27,162428.75,5.5
2014-02-28,163797.75,7.5
2014-03-01,163797.75,7.5
2014-03-02,163797.75,7.5
2014-03-03,158823.0,5.5
2014-03-04,167342.0,3.5
2014-03-05,167029.75,5.5
2014-03-06,168398.75,3.5
2014-03-07,167999.0,5.5
2014-03-08,167999.0,5.5
2014-03-09,167999.0,5.5
2014-03-10,168543.0,7.5
2014-03-11,164130.75,5.5
2014-03-12,164199.5,5.5
2014-03-13,159449.75,7.5
2014-03-14,157381.25,5.5
2014-03-15,157381.25,5.5
2014-03-16,157381.25,5.5
2014-03-17,161288.0,5.5
2014-03-18,165132.0,3.5
2014-03-19,163830.25,3.5
2014-03-20,165174.5,7.5
2014-03-21,162725.0,3.5
2014-03-22,162725.0,3.5
2014-03-23,162725.0,3.5
2014-03-24,162013.0,7.5
2014-03-25,164251.0,3.5
2014-03-26,162489.0,7.5
2014-03-27,159770.25,7.5
2014-03-28,162570.75,3.5
2014-03-29,162570.75,3.5
2014-03-30,162570.75,3.5
2014-03-31,165490.0,7.5
2014-04-01,169509.25,3.5
2014-04-02,170909.25,3.5
2014-04-03,170509.5,5.5
2014-04-04,164178.5,3.5
2014-04-05,164178.5,3.5
2014-04-06,164178.5,3.5
2014-04-07,160972.75,7.5
2014-04-08,162935.5,5.5
2014-04-09,167816.75,5.5
2014-04-10,158735.75,7.5
2014-04-11,151698.5,5.5
2014-04-12,151698.5,5.5
2014-04-13,151698.5,5.5
2014-04-14,153686.25,7.5
2014-04-15,159217.5,7.5
2014-04-16,166430.25,5.5
2014-04-17,168343.25,5.5
2014-04-18,167443.5,3.5
2014-04-19,167443.5,3.5
2014-04-20,167443.5,3.5
2014-04-21,168581.0,3.5
2014-04-22,170368.75,5.5
2014-04-23,169056.5,3.5
2014-04-24,169400.5,5.5
2014-04-25,165825.5,5.5
2014-04-26,165825.5,5.5
2014-04-27,165825.5,5.5
2014-04-28,167950.75,3.5
2014-04-29,168951.0,5.5
2014-04-30,170595.0,3.5
2014-05-01,170064.0,5.5
2014-05-02,169926.5,5.5
2014-05-03,169926.5,5.5
2014-05-04,169926.5,5.5
2014-05-05,170739.5,5.5
2014-05-06,167158.5,7.5
2014-05-07,170246.25,5.5
2014-05-08,169484.0,3.5
2014-05-09,170265.5,5.5
2014-05-10,170265.5,5.5
2014-05-11,170265.5,5.5
2014-05-12,175140.75,3.5
2014-05-13,175397.25,5.5
2014-05-14,172778.75,7.5
2014-05-15,166772.75,5.5
2014-05-16,168279.25,7.5
2014-05-17,168279.25,7.5
2014-05-18,168279.25,7.5
2014-05-19,171642.25,3.5
2014-05-20,169667.5,5.5
2014-05-21,173236.5,7.5
2014-05-22,175568.25,3.5
2014-05-23,176874.75,5.5
2014-05-24,176874.75,5.5
2014-05-25,176874.75,5.5
2014-05-26,176874.75,5.5
2014-05-27,179893.75,3.5
2014-05-28,180068.75,3.5
2014-05-29,181156.5,5.5
2014-05-30,182388.0,3.5
2014-05-31,182388.0,3.5
2014-06-01,182388.0,3.5
2014-06-02,182863.25,5.5
2014-06-03,182450.75,5.5
2014-06-04,183476.0,3.5
2014-06-05,185657.5,5.5
2014-06-06,187782.75,3.5
2014-06-07,187782.75,3.5
2014-06-08,187782.75,3.5
2014-06-09,188301.75,5.5
2014-06-10,188095.5,5.5
2014-06-11,186852.0,3.5
2014-06-12,184046.0,5.5
2014-06-13,184721.5,5.5
2014-06-14,184721.5,5.5
2014-06-15,184721.5,5.5
2014-06-16,186302.75,5.5
2014-06-17,188221.75,7.5
2014-06-18,193215.25,3.5
2014-06-19,193515.5,5.5
2014-06-20,194409.25,5.5
2014-06-21,194409.25,5.5
2014-06-22,194409.25,5.5
2014-06-23,194265.75,3.5
2014-06-24,192334.75,5.5
2014-06-25,195147.5,3.5
2014-06-26,194491.25,3.5
2014-06-27,195004.25,7.5
2014-06-28,195004.25,7.5
2014-06-29,195004.25,7.5
2014-06-30,194717.0,5.5
2014-07-01,199655.0,5.5
2014-07-02,198755.25,3.5
2014-07-03,200767.75,3.5
2014-07-04,200767.75,3.5
2014-07-05,200767.75,3.5
2014-07-06,200767.75,3.5
2014-07-07,199361.75,5.5
2014-07-08,195987.0,3.5
2014-07-09,197643.5,5.5
2014-07-10,195649.75,5.5
2014-07-11,196187.75,5.5
2014-07-12,196187.75,5.5
2014-07-13,196187.75,5.5
2014-07-14,198656.75,7.5
2014-07-15,197338.25,5.5
2014-07-16,199532.25,3.5
2014-07-17,195101.5,7.5
2014-07-18,203251.75,5.5
2014-07-19,203251.75,5.5
2014-07-20,203251.75,5.5
2014-07-21,202414.75,5.5
2014-07-22,204958.5,5.5
2014-07-23,206052.5,3.5
2014-07-24,206221.5,5.5
2014-07-25,203053.0,3.5
2014-07-26,203053.0,3.5
2014-07-27,203053.0,3.5
2014-07-28,203484.5,5.5
2014-07-29,201215.75,5.5
2014-07-30,201203.75,5.5
2014-07-31,190816.5,7.5
2014-08-01,187904.25,5.5
2014-08-02,187904.25,5.5
2014-08-03,187904.25,5.5
2014-08-04,192235.5,5.5
2014-08-05,186735.5,5.5
2014-08-06,186660.75,7.5
2014-08-07,182061.0,5.5
2014-08-08,188586.25,7.5
2014-08-09,188586.25,7.5
2014-08-10,188586.25,7.5
2014-08-11,190449.25,3.5
2014-08-12,190180.75,5.5
2014-08-13,193612.25,3.5
2014-08-14,194924.75,3.5
2014-08-15,194831.25,5.5
2014-08-16,194831.25,5.5
2014-08-17,194831.25,5.5
2014-08-18,199494.25,5.5
2014-08-19,202650.75,7.5
2014-08-20,205182.0,7.5
2014-08-21,206957.25,5.5
2014-08-22,205707.75,5.5
2014-08-23,205707.75,5.5
2014-08-24,205707.75,5.5
2014-08-25,208652.0,5.5
2014-08-26,209333.5,7.5
2014-08-27,208583.5,7.5
2014-08-28,208102.75,3.5
2014-08-29,208922.0,7.5
2014-08-30,208922.0,7.5
2014-08-31,208922.0,7.5
2014-09-01,208922.0,7.5
2014-09-02,208822.25,5.5
2014-09-03,208197.5,3.5
2014-09-04,207447.75,5.5
2014-09-05,210529.5,5.5
2014-09-06,210529.5,5.5
2014-09-07,210529.5,5.5
2014-09-08,209354.75,7.5
2014-09-09,203817.5,5.5
2014-09-10,206011.5,3.5
2014-09-11,206262.0,7.5
2014-09-12,201937.5,3.5
2014-09-13,201937.5,3.5
2014-09-14,201937.5,3.5
2014-09-15,202019.0,5.5
2014-09-16,206413.0,7.5
2014-09-17,206719.0,3.5
2014-09-18,208594.25,5.5
2014-09-19,209138.25,3.5
2014-09-20,209138.25,3.5
2014-09-21,209138.25,3.5
2014-09-22,205900.75,3.5
2014-09-23,204532.5,7.5
2014-09-24,208645.5,3.5
2014-09-25,203646.0,7.5
2014-09-26,208333.5,7.5
2014-09-27,208333.5,7.5
2014-09-28,208333.5,7.5
2014-09-29,207015.0,5.5
2014-09-30,205909.0,7.5
2014-10-01,196528.0,5.5
2014-10-02,195084.25,5.5
2014-10-03,201884.5,7.5
2014-10-04,201884.5,7.5
2014-10-05,201884.5,7.5
2014-10-06,200566.0,5.5
2014-10-07,193410.0,7.5
2014-10-08,204560.25,5.5
2014-10-09,194179.0,5.5
2014-10-10,189085.5,7.5
2014-10-11,189085.5,7.5
2014-10-12,189085.5,7.5
2014-10-13,189085.5,7.5
2014-10-14,177267.0,5.5
2014-10-15,173273.5,7.5
2014-10-16,172898.5,7.5
2014-10-17,182917.75,3.5
2014-10-18,182917.75,3.5
2014-10-19,182917.75,3.5
2014-10-20,184924.25,5.5
2014-10-21,194955.75,3.5
2014-10-22,192987.0,3.5
2014-10-23,197224.75,5.5
2014-10-24,200175.0,3.5
2014-10-25,200175.0,3.5
2014-10-26,200175.0,3.5
2014-10-27,199731.5,5.5
2014-10-28,205431.75,3.5
2014-10-29,205606.75,3.5
2014-10-30,207301.0,7.5
2014-10-31,216101.5,3.5
2014-11-01,216101.5,3.5
2014-11-02,216101.5,3.5
2014-11-03,216270.5,5.5
2014-11-04,215027.0,7.5
2014-11-05,218858.75,3.5
2014-11-06,220515.25,5.5
2014-11-07,220440.5,3.5
2014-11-08,220440.5,3.5
2014-11-09,220440.5,3.5
2014-11-10,221621.75,3.5
2014-11-11,221621.75,3.5
2014-11-12,222315.75,5.5
2014-11-13,222447.25,3.5
2014-11-14,222310.0,5.5
2014-11-15,222310.0,5.5
2014-11-16,222310.0,5.5
2014-11-17,222997.5,5.5
2014-11-18,226429.0,3.5
2014-11-19,225504.25,5.5
2014-11-20,226661.0,5.5
2014-11-21,229880.25,5.5
2014-11-22,229880.25,5.5
2014-11-23,229880.25,5.5
2014-11-24,231255.25,5.5
2014-11-25,231249.25,3.5
2014-11-26,231899.5,5.5
2014-11-27,231899.5,5.5
2014-11-28,230787.5,5.5
2014-11-29,230787.5,5.5
2014-11-30,230787.5,5.5
2014-12-01,226868.75,5.5
2014-12-02,230369.0,7.5
2014-12-03,233831.75,5.5
2014-12-04,232450.75,7.5
2014-12-05,233669.5,7.5
2014-12-06,233669.5,7.5
2014-12-07,233669.5,7.5
2014-12-08,228220.0,3.5
2014-12-09,228126.5,5.5
2014-12-10,219595.5,3.5
2014-12-11,221739.25,3.5
2014-12-12,216045.75,5.5
2014-12-13,216045.75,5.5
2014-12-14,216045.75,5.5
2014-12-15,212121.0,3.5
2014-12-16,210277.5,5.5
2014-12-17,218889.0,3.5
2014-12-18,226107.75,3.5
2014-12-19,230295.75,7.5
2014-12-20,230295.75,7.5
2014-12-21,230295.75,7.5
2014-12-22,230571.0,5.5
2014-12-23,232008.75,7.5
2014-12-24,231721.5,5.5
2014-12-25,231721.5,5.5
2014-12-26,234047.0,5.5
2014-12-27,234047.0,5.5
2014-12-28,234047.0,5.5
2014-12-29,234178.5,7.5
2014-12-30,229760.25,3.5
2014-12-31,226522.75,3.5
2015-01-01,226522.75,3.5
2015-01-02,226035.5,5.5
2015-01-03,226035.5,5.5
2015-01-04,226035.5,5.5
2015-01-05,215167.0,3.5
2015-01-06,213236.0,5.5
2015-01-07,217217.5,7.5
2015-01-08,230524.0,5.5
2015-01-09,227149.25,7.5
2015-01-10,227149.25,7.5
2015-01-11,227149.25,7.5
2015-01-12,219918.5,3.5
2015-01-13,219174.75,3.5
2015-01-14,217068.75,5.5
2015-01-15,213075.25,3.5
2015-01-16,216607.0,7.5
2015-01-17,216607.0,7.5
2015-01-18,216607.0,7.5
2015-01-19,216607.0,7.5
2015-01-20,218851.0,5.5
2015-01-21,221463.5,5.5
2015-01-22,229707.5,7.5
2015-01-23,226232.75,5.5
2015-01-24,226232.75,5.5
2015-01-25,226232.75,5.5
2015-01-26,226495.75,5.5
2015-01-27,220583.25,5.5
2015-01-28,211983.5,3.5
2015-01-29,215346.25,5.5
2015-01-30,209009.25,5.5
2015-01-31,209009.25,5.5
2015-02-01,209009.25,5.5
2015-02-02,214847.0,3.5
2015-02-03,219953.75,7.5
2015-02-04,216947.75,5.5
2015-02-05,222923.0,7.5
2015-02-06,218979.5,5.5
2015-02-07,218979.5,5.5
2015-02-08,218979.5,5.5
2015-02-09,218211.25,5.5
2015-02-10,224180.5,5.5
2015-02-11,224174.5,7.5
2015-02-12,231487.0,7.5
2015-02-13,234293.5,5.5
2015-02-14,234293.5,5.5
2015-02-15,234293.5,5.5
2015-02-16,234293.5,5.5
2015-02-17,234906.25,7.5
2015-02-18,234806.5,5.5
2015-02-19,234737.75,5.5
2015-02-20,238444.25,7.5
2015-02-21,238444.25,7.5
2015-02-22,238444.25,7.5
2015-02-23,237407.0,5.5
2015-02-24,240082.25,7.5
2015-02-25,238482.5,5.5
2015-02-26,238064.0,3.5
2015-02-27,237183.0,5.5
2015-02-28,237183.0,5.5
2015-03-01,237183.0,5.5
2015-03-02,240402.25,5.5
2015-03-03,237440.0,3.5
2015-03-04,236121.5,5.5
2015-03-05,236940.5,3.5
2015-03-06,231159.5,5.5
2015-03-07,231159.5,5.5
2015-03-08,231159.5,5.5
2015-03-09,234866.0,3.5
2015-03-10,229134.75,3.5
2015-03-11,227772.5,5.5
2015-03-12,234841.75,5.5
2015-03-13,230567.25,5.5
2015-03-14,230567.25,5.5
2015-03-15,230567.25,5.5
2015-03-16,238748.5,5.5
2015-03-17,237705.25,5.5
2015-03-18,243910.5,7.5
2015-03-19,239961.0,3.5
2015-03-20,244117.25,3.5
2015-03-21,244117.25,3.5
2015-03-22,244117.25,3.5
2015-03-23,243580.25,7.5
2015-03-24,238037.0,3.5
2015-03-25,232562.25,5.5
2015-03-26,231118.5,5.5
2015-03-27,231868.75,3.5
2015-03-28,231868.75,3.5
2015-03-29,231868.75,3.5
2015-03-30,236669.25,7.5
2015-03-31,229813.5,3.5
2015-04-01,227445.0,5.5
2015-04-02,231088.75,5.5
2015-04-03,225032.75,3.5
2015-04-04,225032.75,3.5
2015-04-05,225032.75,3.5
2015-04-06,231064.25,5.5
2015-04-07,230364.75,5.5
2015-04-08,230983.5,5.5
2015-04-09,233727.5,7.5
2015-04-10,237846.5,5.5
2015-04-11,237846.5,5.5
2015-04-12,237846.5,5.5
2015-04-13,235703.25,5.5
2015-04-14,236310.0,5.5
2015-04-15,239122.75,7.5
2015-04-16,238648.0,5.5
2015-04-17,232179.5,3.5
2015-04-18,232179.5,3.5
2015-04-19,232179.5,3.5
2015-04-20,235411.0,5.5
2015-04-21,234436.5,5.5
2015-04-22,237524.25,7.5
2015-04-23,240612.0,5.5
2015-04-24,241093.25,5.5
2015-04-25,241093.25,5.5
2015-04-26,241093.25,5.5
2015-04-27,238468.75,5.5
2015-04-28,240106.75,5.5
2015-04-29,238169.75,5.5
2015-04-30,231226.0,5.5
2015-05-01,237888.75,3.5
2015-05-02,237888.75,3.5
2015-05-03,237888.75,3.5
2015-05-04,239626.75,7.5
2015-05-05,230333.5,3.5
2015-05-06,227446.0,3.5
2015-05-07,229709.0,7.5
2015-05-08,240953.0,5.5
2015-05-09,240953.0,5.5
2015-05-10,240953.0,5.5
2015-05-11,238678.25,7.5
2015-05-12,235953.5,5.5
2015-05-13,235535.0,3.5
2015-05-14,239154.25,7.5
2015-05-15,240085.75,5.5
2015-05-16,240085.75,5.5
2015-05-17,240085.75,5.5
2015-05-18,242486.0,3.5
2015-05-19,241911.25,5.5
2015-05-20,242111.5,3.5
2015-05-21,243243.0,5.5
2015-05-22,241999.5,3.5
2015-05-23,241999.5,3.5
2015-05-24,241999.5,3.5
2015-05-25,241999.5,3.5
2015-05-26,237793.5,5.5
2015-05-27,243425.0,7.5
2015-05-28,242006.75,3.5
2015-05-29,240332.25,7.5
2015-05-30,240332.25,7.5
2015-05-31,240332.25,7.5
2015-06-01,240894.75,7.5
2015-06-02,239576.25,5.5
2015-06-03,241220.25,7.5
2015-06-04,233526.75,5.5
2015-06-05,232839.25,5.5
2015-06-06,232839.25,5.5
2015-06-07,232839.25,5.5
2015-06-08,230220.75,7.5
2015-06-09,229183.5,5.5
2015-06-10,236802.75,5.5
2015-06-11,237627.75,5.5
2015-06-12,233559.5,5.5
2015-06-13,233559.5,5.5
2015-06-14,233559.5,5.5
2015-06-15,231084.5,5.5
2015-06-16,234103.5,7.5
2015-06-17,236003.25,3.5
2015-06-18,239847.25,5.5
2015-06-19,236891.0,5.5
2015-06-20,236891.0,5.5
2015-06-21,236891.0,5.5
2015-06-22,239841.25,7.5
2015-06-23,240579.25,3.5
2015-06-24,238117.25,7.5
2015-06-25,235304.75,7.5
2015-06-26,234548.75,5.5
2015-06-27,234548.75,5.5
2015-06-28,234548.75,5.5
2015-06-29,222442.75,7.5
2015-06-30,225255.25,7.5
2015-07-01,228993.25,3.5
2015-07-02,229337.25,5.5
2015-07-03,229337.25,5.5
2015-07-04,229337.25,5.5
2015-07-05,229337.25,5.5
2015-07-06,226231.5,5.5
2015-07-07,229932.0,5.5
2015-07-08,221951.0,7.5
2015-07-09,224382.5,5.5
2015-07-10,230901.75,5.5
2015-07-11,230901.75,5.5
2015-07-12,230901.75,5.5
2015-07-13,236676.75,5.5
2015-07-14,239420.75,3.5
2015-07-15,238633.25,3.5
2015-07-16,241733.5,5.5
2015-07-17,242552.5,3.5
2015-07-18,242552.5,3.5
2015-07-19,242552.5,3.5
2015-07-20,242721.5,5.5
2015-07-21,240590.25,5.5
2015-07-22,238109.25,3.5
2015-07-23,236259.75,7.5
2015-07-24,228566.25,5.5
2015-07-25,228566.25,5.5
2015-07-26,228566.25,5.5
2015-07-27,224435.25,7.5
2015-07-28,235304.25,5.5
2015-07-29,239629.5,7.5
2015-07-30,239723.25,7.5
2015-07-31,237648.75,3.5
2015-08-01,237648.75,3.5
2015-08-02,237648.75,3.5
2015-08-03,236155.25,5.5
2015-08-04,235324.25,3.5
2015-08-05,236899.25,3.5
2015-08-06,234180.75,5.5
2015-08-07,231831.25,5.5
2015-08-08,231831.25,5.5
2015-08-09,231831.25,5.5
2015-08-10,239313.0,5.5
2015-08-11,234082.0,3.5
2015-08-12,234475.75,3.5
2015-08-13,234163.5,5.5
2015-08-14,236420.25,1.5
2015-08-15,236420.25,1.5
2015-08-16,236420.25,1.5
2015-08-17,237126.75,3.5
2015-08-18,236208.0,3.5
2015-08-19,234489.75,3.5
2015-08-20,227221.25,5.5
2015-08-21,209546.5,3.5
2015-08-22,209546.5,3.5
2015-08-23,209546.5,3.5
2015-08-24,199702.75,3.5
2015-08-25,192571.5,3.5
2015-08-26,202721.5,3.5
2015-08-27,209590.25,3.5
2015-08-28,209721.5,3.5
2015-08-29,209721.5,3.5
2015-08-30,209721.5,3.5
2015-08-31,209021.5,3.5
2015-09-01,197509.25,5.5
2015-09-02,205547.0,3.5
2015-09-03,207328.75,3.5
2015-09-04,203828.75,3.5
2015-09-05,203828.75,3.5
2015-09-06,203828.75,3.5
2015-09-07,203828.75,3.5
2015-09-08,210385.25,1.5
2015-09-09,208673.0,3.5
2015-09-10,209192.0,1.5
2015-09-11,209923.25,1.5
2015-09-12,209923.25,1.5
2015-09-13,209923.25,1.5
2015-09-14,209617.25,3.5
2015-09-15,214686.25,1.5
2015-09-16,215784.25,3.5
2015-09-17,216046.75,3.5
2015-09-18,208340.75,1.5
2015-09-19,208340.75,1.5
2015-09-20,208340.75,1.5
2015-09-21,209197.25,3.5
2015-09-22,205647.5,1.5
2015-09-23,205266.5,3.5
2015-09-24,204041.5,3.5
2015-09-25,204123.0,1.5
2015-09-26,204123.0,1.5
2015-09-27,204123.0,1.5
2015-09-28,200673.0,1.5
2015-09-29,199954.5,3.5
2015-09-30,207342.25,1.5
2015-10-01,207361.0,1.5
2015-10-02,209455.0,3.5
2015-10-03,209455.0,3.5
2015-10-04,209455.0,3.5
2015-10-05,216492.75,5.5
2015-10-06,214974.25,3.5
2015-10-07,217199.5,1.5
2015-10-08,218706.25,5.5
2015-10-09,219456.5,3.5
2015-10-10,219456.5,3.5
2015-10-11,219456.5,3.5
2015-10-12,219456.5,3.5
2015-10-13,217263.0,1.5
2015-10-14,216619.5,3.5
2015-10-15,221513.5,5.5
2015-10-16,223913.75,3.5
2015-10-17,223913.75,3.5
2015-10-18,223913.75,3.5
2015-10-19,223995.25,5.5
2015-10-20,223989.25,3.5
2015-10-21,222326.75,3.5
2015-10-22,227964.5,5.5
2015-10-23,234214.75,3.5
2015-10-24,234214.75,3.5
2015-10-25,234214.75,3.5
2015-10-26,233377.5,5.5
2015-10-27,231521.25,5.5
2015-10-28,238115.25,3.5
2015-10-29,238721.75,5.5
2015-10-30,237272.0,3.5
2015-10-31,237272.0,3.5
2015-11-01,237272.0,3.5
2015-11-02,240465.75,3.5
2015-11-03,241247.25,5.5
2015-11-04,238972.5,3.5
2015-11-05,239229.0,5.5
2015-11-06,237916.75,3.5
2015-11-07,237916.75,3.5
2015-11-08,237916.75,3.5
2015-11-09,235198.25,1.5
2015-11-10,235323.5,3.5
2015-11-11,235323.5,3.5
2015-11-12,229630.0,1.5
2015-11-13,227711.5,3.5
2015-11-14,227711.5,3.5
2015-11-15,227711.5,3.5
2015-11-16,232474.25,1.5
2015-11-17,232655.75,3.5
2015-11-18,237687.0,3.5
2015-11-19,237806.25,3.5
2015-11-20,239287.75,5.5
2015-11-21,239287.75,5.5
2015-11-22,239287.75,5.5
2015-11-23,238456.75,3.5
2015-11-24,238938.0,3.5
2015-11-25,239107.0,5.5
2015-11-26,239107.0,5.5
2015-11-27,239719.75,3.5
2015-11-28,239719.75,3.5
2015-11-29,239719.75,3.5
2015-11-30,237870.25,7.5
2015-12-01,244895.5,5.5
2015-12-02,239458.25,3.5
2015-12-03,233677.25,5.5
2015-12-04,245771.25,3.5
2015-12-05,245771.25,3.5
2015-12-06,245771.25,3.5
2015-12-07,243046.75,7.5
2015-12-08,238915.75,5.5
2015-12-09,234372.25,3.5
2015-12-10,235678.75,5.5
2015-12-11,223847.75,3.5
2015-12-12,223847.75,3.5
2015-12-13,223847.75,3.5
2015-12-14,224585.5,1.5
2015-12-15,226735.75,3.5
2015-12-16,232203.25,3.5
2015-12-17,227647.25,5.5
2015-12-18,217397.5,3.5
2015-12-19,217397.5,3.5
2015-12-20,217397.5,3.5
2015-12-21,217522.75,1.5
2015-12-22,219254.5,5.5
2015-12-23,226948.5,3.5
2015-12-24,226067.5,5.5
2015-12-25,226067.5,5.5
2015-12-26,226067.5,5.5
2015-12-27,226067.5,5.5
2015-12-28,224623.75,5.5
2015-12-29,231561.5,3.5
2015-12-30,229411.75,5.5
2015-12-31,224593.25,3.5
2016-01-01,224593.25,3.5
2016-01-02,224593.25,3.5
2016-01-03,224593.25,3.5
2016-01-04,216799.75,1.5
2016-01-05,217618.75,3.5
2016-01-06,212975.25,1.5
2016-01-07,209800.5,3.5
2016-01-08,206169.25,3.5
2016-01-09,206169.25,3.5
2016-01-10,206169.25,3.5
2016-01-11,206382.0,1.5
2016-01-12,207482.25,3.5
2016-01-13,199076.25,1.5
2016-01-14,201495.0,1.5
2016-01-15,198020.25,3.5
2016-01-16,198020.25,3.5
2016-01-17,198020.25,3.5
2016-01-18,198020.25,3.5
2016-01-19,198708.25,3.5
2016-01-20,194721.0,5.5
2016-01-21,198702.5,3.5
2016-01-22,204077.75,1.5
2016-01-23,204077.75,1.5
2016-01-24,204077.75,1.5
2016-01-25,201915.5,3.5
2016-01-26,206366.0,3.5
2016-01-27,202810.25,3.5
2016-01-28,204685.5,5.5
2016-01-29,216154.75,1.5
2016-01-30,216154.75,1.5
2016-01-31,216154.75,1.5
2016-02-01,216805.0,3.5
2016-02-02,209443.0,3.5
2016-02-03,211018.0,3.5
2016-02-04,211749.75,3.5
2016-02-05,205350.25,3.5
2016-02-06,205350.25,3.5
2016-02-07,205350.25,3.5
2016-02-08,201538.0,5.5
2016-02-09,200781.75,5.5
2016-02-10,201257.0,3.5
2016-02-11,198363.5,5.5
2016-02-12,205707.75,1.5
2016-02-13,205707.75,1.5
2016-02-14,205707.75,1.5
2016-02-15,205707.75,1.5
2016-02-16,207801.75,3.5
2016-02-17,214233.0,3.5
2016-02-18,212345.75,1.5
2016-02-19,212315.0,5.5
2016-02-20,212315.0,5.5
2016-02-21,212315.0,5.5
2016-02-22,220203.25,3.5
2016-02-23,216703.25,3.5
2016-02-24,217216.25,7.5
2016-02-25,225454.25,3.5
2016-02-26,225798.25,5.5
2016-02-27,225798.25,5.5
2016-02-28,225798.25,5.5
2016-02-29,222629.75,7.5
2016-03-01,235649.0,3.5
2016-03-02,237043.0,5.5
2016-03-03,239924.5,3.5
2016-03-04,241324.5,3.5
2016-03-05,241324.5,3.5
2016-03-06,241324.5,3.5
2016-03-07,241274.75,5.5
2016-03-08,236656.5,5.5
2016-03-09,238094.25,7.5
2016-03-10,237426.0,3.5
2016-03-11,243726.0,3.5
2016-03-12,243726.0,3.5
2016-03-13,243726.0,3.5
2016-03-14,244070.0,5.5
2016-03-15,241239.25,5.5
2016-03-16,245994.75,5.5
2016-03-17,249982.25,5.5
2016-03-18,251695.0,3.5
2016-03-19,251695.0,3.5
2016-03-20,251695.0,3.5
2016-03-21,251645.25,5.5
2016-03-22,252045.75,5.5
2016-03-23,248058.25,5.5
2016-03-24,247502.25,7.5
2016-03-25,249271.5,3.5
2016-03-26,249271.5,3.5
2016-03-27,249271.5,3.5
2016-03-28,248959.25,5.5
2016-03-29,253359.25,5.5
2016-03-30,256790.75,3.5
2016-03-31,256434.75,5.5
2016-04-01,259522.5,3.5
2016-04-02,259522.5,3.5
2016-04-03,259522.5,3.5
2016-04-04,257547.75,5.5
2016-04-05,253141.75,7.5
2016-04-06,260073.25,5.5
2016-04-07,253530.0,5.5
2016-04-08,254549.25,5.5
2016-04-09,254549.25,5.5
2016-04-10,254549.25,5.5
2016-04-11,254337.0,3.5
2016-04-12,257262.25,5.5
2016-04-13,263306.25,3.5
2016-04-14,263606.5,5.5
2016-04-15,262569.25,7.5
2016-04-16,262569.25,7.5
2016-04-17,262569.25,7.5
2016-04-18,267807.25,3.5
2016-04-19,268720.0,5.5
2016-04-20,269951.5,3.5
2016-04-21,267895.25,3.5
2016-04-22,267845.5,5.5
2016-04-23,267845.5,5.5
2016-04-24,267845.5,5.5
2016-04-25,266389.75,5.5
2016-04-26,267758.75,7.5
2016-04-27,271028.0,3.5
2016-04-28,267040.75,5.5
2016-04-29,264766.0,7.5
2016-04-30,264766.0,7.5
2016-05-01,264766.0,7.5
2016-05-02,269810.5,1.5
2016-05-03,268223.5,5.5
2016-05-04,265817.25,5.5
2016-05-05,264917.5,3.5
2016-05-06,265742.75,5.5
2016-05-07,265742.75,5.5
2016-05-08,265742.75,5.5
2016-05-09,267581.0,3.5
2016-05-10,271737.25,3.5
2016-05-11,268800.0,5.5
2016-05-12,268719.25,5.5
2016-05-13,263694.5,7.5
2016-05-14,263694.5,7.5
2016-05-15,263694.5,7.5
2016-05-16,271282.25,5.5
2016-05-17,265151.5,1.5
2016-05-18,265045.75,5.5
2016-05-19,264283.5,3.5
2016-05-20,266021.5,3.5
2016-05-21,266021.5,3.5
2016-05-22,266021.5,3.5
2016-05-23,265977.75,3.5
2016-05-24,270696.75,1.5
2016-05-25,271797.0,3.5
2016-05-26,271791.0,1.5
2016-05-27,272278.5,1.5
2016-05-28,272278.5,1.5
2016-05-29,272278.5,1.5
2016-05-30,272278.5,1.5
2016-05-31,272191.5,5.5
2016-06-01,273148.0,3.5
2016-06-02,273667.0,5.5
2016-06-03,272842.0,5.5
2016-06-04,272842.0,5.5
2016-06-05,272842.0,5.5
2016-06-06,276136.0,3.5
2016-06-07,276436.25,5.5
2016-06-08,278286.5,3.5
2016-06-09,277805.25,3.5
2016-06-10,273949.25,5.5
2016-06-11,273949.25,5.5
2016-06-12,273949.25,5.5
2016-06-13,270087.25,5.5
2016-06-14,268362.5,7.5
2016-06-15,268018.25,5.5
2016-06-16,269462.0,5.5
2016-06-17,267462.25,7.5
2016-06-18,267462.25,7.5
2016-06-19,267462.25,7.5
2016-06-20,273925.0,5.5
2016-06-21,274394.25,5.5
2016-06-22,273638.0,5.5
2016-06-23,279613.25,3.5
2016-06-24,267882.25,5.5
2016-06-25,267882.25,5.5
2016-06-26,267882.25,5.5
2016-06-27,256939.0,5.5
2016-06-28,265739.0,5.5
2016-06-29,275352.0,5.5
2016-06-30,281877.25,3.5
2016-07-01,283840.0,5.5
2016-07-02,283840.0,5.5
2016-07-03,283840.0,5.5
2016-07-04,283840.0,5.5
2016-07-05,280540.0,5.5
2016-07-06,282802.75,3.5
2016-07-07,282665.5,5.5
2016-07-08,290840.75,3.5
2016-07-09,290840.75,3.5
2016-07-10,290840.75,3.5
2016-07-11,292716.0,5.5
2016-07-12,296428.5,5.5
2016-07-13,296972.5,3.5
2016-07-14,298804.0,5.5
2016-07-15,298110.5,3.5
2016-07-16,298110.5,3.5
2016-07-17,298110.5,3.5
2016-07-18,299248.0,3.5
2016-07-19,298367.0,5.5
2016-07-20,301592.25,3.5
2016-07-21,299792.5,5.5
2016-07-22,302742.75,7.5
2016-07-23,302742.75,7.5
2016-07-24,302742.75,7.5
2016-07-25,299830.5,5.5
2016-07-26,300437.25,5.5
2016-07-27,300431.25,3.5
2016-07-28,301131.25,3.5
2016-07-29,301737.75,5.5
2016-07-30,301737.75,5.5
2016-07-31,301737.75,5.5
2016-08-01,299938.25,5.5
2016-08-02,296563.5,7.5
2016-08-03,298057.5,5.5
2016-08-04,298951.25,5.5
2016-08-05,303820.5,5.5
2016-08-06,303820.5,5.5
2016-08-07,303820.5,5.5
2016-08-08,303195.75,3.5
2016-08-09,303671.0,5.5
2016-08-10,301608.5,5.5
2016-08-11,305658.75,3.5
2016-08-12,304952.75,5.5
2016-08-13,304952.75,5.5
2016-08-14,304952.75,5.5
2016-08-15,307084.0,5.5
2016-08-16,304396.75,3.5
2016-08-17,304565.75,5.5
2016-08-18,305516.25,5.5
2016-08-19,305029.0,3.5
2016-08-20,305029.0,3.5
2016-08-21,305029.0,3.5
2016-08-22,304842.0,7.5
2016-08-23,306611.25,3.5
2016-08-24,303930.5,7.5
2016-08-25,303924.5,5.5
2016-08-26,303093.5,7.5
2016-08-27,303093.5,7.5
2016-08-28,303093.5,7.5
2016-08-29,307406.0,7.5
2016-08-30,305806.25,5.5
2016-08-31,304425.25,7.5
2016-09-01,303481.75,5.5
2016-09-02,306775.75,3.5
2016-09-03,306775.75,3.5
2016-09-04,306775.75,3.5
2016-09-05,306775.75,3.5
2016-09-06,307469.75,5.5
2016-09-07,307807.5,3.5
2016-09-08,307232.75,5.5
2016-09-09,293820.5,7.5
2016-09-10,293820.5,7.5
2016-09-11,293820.5,7.5
2016-09-12,304408.25,5.5
2016-09-13,294502.25,7.5
2016-09-14,294814.25,5.5
2016-09-15,301551.75,5.5
2016-09-16,298727.0,7.5
2016-09-17,298727.0,7.5
2016-09-18,298727.0,7.5
2016-09-19,298814.75,5.5
2016-09-20,299565.0,7.5
2016-09-21,307246.5,5.5
2016-09-22,311365.5,3.5
2016-09-23,309172.0,5.5
2016-09-24,309172.0,5.5
2016-09-25,309172.0,5.5
2016-09-26,303872.25,3.5
2016-09-27,306016.0,3.5
2016-09-28,307978.75,5.5
2016-09-29,303847.75,3.5
2016-09-30,307123.0,5.5
2016-10-01,307123.0,5.5
2016-10-02,307123.0,5.5
2016-10-03,303891.75,5.5
2016-10-04,300717.25,5.5
2016-10-05,303392.5,7.5
2016-10-06,303755.5,3.5
2016-10-07,302693.5,7.5
2016-10-08,302693.5,7.5
2016-10-09,302693.5,7.5
2016-10-10,302693.5,7.5
2016-10-11,295943.5,7.5
2016-10-12,297531.25,5.5
2016-10-13,295531.5,7.5
2016-10-14,296931.75,5.5
2016-10-15,296931.75,5.5
2016-10-16,296931.75,5.5
2016-10-17,294319.25,5.5
2016-10-18,297750.75,7.5
2016-10-19,300270.0,3.5
2016-10-20,299301.5,5.5
2016-10-21,299095.25,5.5
2016-10-22,299095.25,5.5
2016-10-23,299095.25,5.5
2016-10-24,301839.25,3.5
2016-10-25,300477.0,5.5
2016-10-26,300058.5,3.5
2016-10-27,298734.0,7.5
2016-10-28,296015.25,7.5
2016-10-29,296015.25,7.5
2016-10-30,296015.25,7.5
2016-10-31,296384.25,5.5
2016-11-01,292115.75,7.5
2016-11-02,288547.25,5.5
2016-11-03,284353.5,5.5
2016-11-04,284485.0,7.5
2016-11-05,284485.0,7.5
2016-11-06,284485.0,7.5
2016-11-07,299760.25,5.5
2016-11-08,304635.5,7.5
2016-11-09,312041.75,7.5
2016-11-10,313160.75,5.5
2016-11-11,313160.75,5.5
2016-11-12,313160.75,5.5
2016-11-13,313160.75,5.5
2016-11-14,311842.5,5.5
2016-11-15,316849.25,5.5
2016-11-16,316087.0,7.5
2016-11-17,319743.25,7.5
2016-11-18,319081.0,5.5
2016-11-19,319081.0,5.5
2016-11-20,319081.0,5.5
2016-11-21,322369.0,5.5
2016-11-22,324494.25,3.5
2016-11-23,324538.0,3.5
2016-11-24,324538.0,3.5
2016-11-25,326194.5,5.5
2016-11-26,326194.5,5.5
2016-11-27,326194.5,5.5
2016-11-28,323094.75,3.5
2016-11-29,323395.0,5.5
2016-11-30,323601.25,5.5
2016-12-01,319395.5,5.5
2016-12-02,320489.5,7.5
2016-12-03,320489.5,7.5
2016-12-04,320489.5,7.5
2016-12-05,324796.0,5.5
2016-12-06,326502.75,5.5
2016-12-07,334615.25,5.5
2016-12-08,336809.25,3.5
2016-12-09,338772.0,5.5
2016-12-10,338772.0,5.5
2016-12-11,338772.0,5.5
2016-12-12,338353.5,3.5
2016-12-13,341591.0,3.5
2016-12-14,338839.5,5.5
2016-12-15,340346.0,3.5
2016-12-16,338808.75,5.5
2016-12-17,338808.75,5.5
2016-12-18,338808.75,5.5
2016-12-19,340252.5,5.5
2016-12-20,342715.5,5.5
2016-12-21,341741.0,5.5
2016-12-22,339947.5,3.5
2016-12-23,340329.25,7.5
2016-12-24,340329.25,7.5
2016-12-25,340329.25,7.5
2016-12-26,340329.25,7.5
2016-12-27,343048.0,7.5
2016-12-28,335442.25,3.5
2016-12-29,335305.0,5.5
2016-12-30,331792.75,3.5
2016-12-31,331792.75,3.5
2017-01-01,331792.75,3.5
2017-01-02,331792.75,3.5
2017-01-03,334849.25,5.5
2017-01-04,339587.0,7.5
2017-01-05,338081.0,5.5
2017-01-06,341581.25,7.5
2017-01-07,341581.25,7.5
2017-01-08,341581.25,7.5
2017-01-09,338294.0,5.5
2017-01-10,338425.5,3.5
2017-01-11,338807.25,7.5
2017-01-12,337389.0,3.5
2017-01-13,338389.25,5.5
2017-01-14,338389.25,5.5
2017-01-15,338389.25,5.5
2017-01-16,338389.25,5.5
2017-01-17,335627.25,5.5
2017-01-18,337271.25,7.5
2017-01-19,333702.75,5.5
2017-01-20,335553.0,7.5
2017-01-23,334884.75,3.5
2017-01-24,337416.25,5.5
2017-01-25,342222.75,3.5
2017-01-26,341823.0,5.5
2017-01-27,340723.0,5.5
2017-01-30,336798.25,3.5
2017-01-31,336879.75,5.5
2017-02-01,337417.75,5.5
2017-02-02,337343.0,7.5
2017-02-03,343718.0,7.5
2017-02-06,341180.75,5.5
2017-02-07,341375.0,5.5
2017-02-08,342531.75,5.5
2017-02-09,346313.0,5.5
2017-02-10,348575.75,7.5
2017-02-13,353544.5,7.5
2017-02-14,356444.75,5.5
2017-02-15,360082.5,7.5
2017-02-16,358676.25,7.5
2017-02-17,359795.25,5.5
2017-02-21,364607.75,5.5
2017-02-22,363639.25,7.5
2017-02-23,364195.75,5.5
2017-02-24,364252.5,5.5
2017-02-27,365896.5,7.5
2017-02-28,363165.75,3.5
2017-03-01,369760.0,7.5
2017-03-02,363103.75,7.5
2017-03-03,362716.75,3.5
2017-03-06,362279.25,3.5
2017-03-07,360179.25,3.5
2017-03-08,359735.75,5.5
2017-03-09,360342.5,5.5
2017-03-10,361911.75,5.5
2017-03-13,362799.5,7.5
2017-03-14,359324.75,5.5
2017-03-15,365524.0,5.5
2017-03-16,363318.0,7.5
2017-03-17,363024.75,3.5
2017-03-20,362106.0,3.5
2017-03-21,356850.0,5.5
2017-03-22,358150.25,3.5
2017-03-23,357356.75,5.5
2017-03-24,357619.75,5.5
2017-03-27,357195.25,5.5
2017-03-28,361520.5,7.5
2017-03-29,361895.5,7.5
2017-03-30,364608.25,5.5
2017-03-31,364533.5,7.5
2017-04-03,361052.75,3.5
2017-04-04,361184.0,3.5
2017-04-05,360559.5,7.5
2017-04-06,361110.0,3.5
2017-04-07,361010.5,7.5
2017-04-10,361291.75,7.5
2017-04-11,358186.0,3.5
2017-04-12,357305.0,5.5
2017-04-13,353792.75,3.5
2017-04-14,353699.25,5.5
2017-04-17,358162.0,7.5
2017-04-18,358718.5,5.5
2017-04-19,354925.25,5.5
2017-04-20,361650.75,5.5
2017-04-21,359450.75,5.5
2017-04-24,366038.75,5.5
2017-04-25,370295.25,3.5
2017-04-26,369851.75,5.5
2017-04-27,369851.75,5.5
2017-04-28,368264.5,3.5
2017-05-01,369964.75,5.5
2017-05-02,368784.0,5.5
2017-05-03,368497.0,5.5
2017-05-04,368903.5,7.5
2017-05-05,371710.0,5.5
2017-05-08,371566.5,7.5
2017-05-09,372498.0,5.5
2017-05-10,372704.25,5.5
2017-05-11,371804.5,7.5
2017-05-12,369636.25,3.5
2017-05-15,371899.25,7.5
2017-05-16,371424.5,5.5
2017-05-17,360831.0,3.5
2017-05-18,362225.0,5.5
2017-05-19,365100.5,5.5
2017-05-22,369219.5,7.5
2017-05-23,370244.75,5.5
2017-05-24,372026.25,3.5
2017-05-25,372195.25,5.5
2017-05-26,375076.75,3.5
2017-05-30,374983.25,5.5
2017-05-31,374215.0,5.5
2017-06-01,378465.5,5.5
2017-06-02,379284.5,7.5
2017-06-05,382091.0,5.5
2017-06-06,381672.5,3.5
2017-06-07,381535.25,5.5
2017-06-08,380979.25,3.5
2017-06-09,379879.5,5.5
2017-06-12,379392.25,7.5
2017-06-13,385005.25,3.5
2017-06-14,384178.75,5.5
2017-06-15,382791.75,5.5
2017-06-16,382860.5,5.5
2017-06-19,388623.5,5.5
2017-06-20,384836.25,3.5
2017-06-21,384430.5,7.5
2017-06-22,384518.25,5.5
2017-06-23,384581.0,3.5
2017-06-26,385225.25,7.5
2017-06-27,384463.25,3.5
2017-06-28,384851.0,5.5
2017-06-29,379688.75,7.5
2017-06-30,380526.5,5.5
2017-07-03,381477.0,5.5
2017-07-05,383258.5,3.5
2017-07-06,379008.75,5.5
2017-07-07,383677.75,7.5
2017-07-10,385259.5,3.5
2017-07-11,384416.25,7.5
2017-07-12,391535.25,5.5
2017-07-13,392423.0,3.5
2017-07-14,394735.75,5.5
2017-07-17,393973.5,3.5
2017-07-18,394148.5,3.5
2017-07-19,394623.75,5.5
2017-07-20,397917.75,3.5
2017-07-21,397999.25,5.5
2017-07-24,397243.0,5.5
2017-07-25,398405.75,3.5
2017-07-26,398137.25,5.5
2017-07-27,397031.25,3.5
2017-07-28,397200.25,5.5
2017-07-30,397200.25,5.5
2017-07-31,397750.25,5.5
2017-08-01,397950.5,3.5
2017-08-02,397938.5,7.5
2017-08-03,396620.0,5.5
2017-08-04,397513.75,5.5
2017-08-06,397513.75,5.5
2017-08-07,398876.75,5.5
2017-08-08,397358.25,3.5
2017-08-09,397083.75,7.5
2017-08-10,384990.0,7.5
2017-08-11,386202.75,5.5
2017-08-13,386202.75,5.5
2017-08-14,392378.25,5.5
2017-08-15,393197.25,3.5
2017-08-16,393109.75,3.5
2017-08-17,386929.0,7.5
2017-08-18,386641.75,5.5
2017-08-20,386641.75,5.5
2017-08-21,386017.0,7.5
2017-08-22,395192.5,3.5
2017-08-23,393967.5,3.5
2017-08-24,392818.0,7.5
2017-08-25,395155.75,5.5
2017-08-27,395155.75,5.5
2017-08-28,394318.75,5.5
2017-08-29,395412.75,7.5
2017-08-30,398682.0,3.5
2017-08-31,401694.75,5.5
2017-09-01,403063.75,3.5
2017-09-04,403063.75,3.5
2017-09-05,399032.75,5.5
2017-09-06,400608.0,7.5
2017-09-07,401908.5,3.5
2017-09-08,401327.75,7.5
2017-09-10,401327.75,7.5
2017-09-11,410978.0,5.5
2017-09-12,413103.25,3.5
2017-09-13,413283.0,5.5
2017-09-14,413208.25,3.5
2017-09-15,413852.5,7.5
2017-09-17,413852.5,7.5
2017-09-18,416096.5,5.5
2017-09-19,416846.75,3.5
2017-09-20,416441.0,7.5
2017-09-21,415403.75,5.5
2017-09-22,415197.5,5.5
2017-09-24,415197.5,5.5
2017-09-25,413266.5,7.5
2017-09-26,414948.0,5.5
2017-09-27,417617.25,5.5
2017-09-28,417411.0,5.5
2017-09-29,419742.5,3.5
2017-10-01,419742.5,3.5
2017-10-02,421355.25,5.5
2017-10-03,423343.0,3.5
2017-10-04,423955.5,3.5
2017-10-05,426530.75,5.5
2017-10-06,425631.0,3.5
2017-10-09,425631.0,3.5
2017-10-10,425837.75,7.5
2017-10-11,427794.5,3.5
2017-10-12,427138.25,3.5
2017-10-13,427607.5,7.5
2017-10-15,427607.5,7.5
2017-10-16,428908.0,3.5
2017-10-17,429208.25,5.5
2017-10-18,430170.75,5.5
2017-10-19,429271.0,3.5
2017-10-20,431715.0,5.5
2017-10-22,431715.0,5.5
2017-10-23,429990.25,3.5
2017-10-24,430159.25,5.5
2017-10-25,426784.5,7.5
2017-10-26,429216.0,5.5
2017-10-27,434085.25,5.5
2017-10-29,434085.25,5.5
2017-10-30,432010.75,5.5
2017-10-31,432417.25,7.5
2017-11-01,434380.0,5.5
2017-11-02,434374.0,7.5
2017-11-03,436999.0,7.5
2017-11-05,436999.0,7.5
2017-11-06,438868.0,5.5
2017-11-07,437624.5,7.5
2017-11-08,439774.75,5.5
2017-11-09,437362.5,7.5
2017-11-12,437362.5,7.5
2017-11-13,437262.75,5.5
2017-11-14,435675.5,3.5
2017-11-15,434007.0,5.5
2017-11-16,439363.5,3.5
2017-11-17,437832.25,3.5
2017-11-19,437832.25,3.5
2017-11-20,438482.5,5.5
2017-11-21,443076.75,5.5
2017-11-22,443002.0,7.5
2017-11-23,443002.0,7.5
2017-11-24,443002.0,7.5
2017-11-26,443002.0,7.5
2017-11-27,444783.25,7.5
2017-11-28,453589.75,5.5
2017-11-29,453377.5,7.5
2017-11-30,461152.75,5.5
2017-12-01,460184.25,7.5
2017-12-03,460184.25,7.5
2017-12-04,459903.0,7.5
2017-12-05,455772.0,5.5
2017-12-06,456109.75,7.5
2017-12-07,457978.75,5.5
2017-12-08,461347.5,5.5
2017-12-10,461347.5,5.5
2017-12-11,463816.5,7.5
2017-12-12,466810.5,5.5
2017-12-13,467240.75,7.5
2017-12-14,463303.25,7.5
2017-12-15,470141.0,5.5
2017-12-17,470141.0,5.5
2017-12-18,474810.0,7.5
2017-12-19,471804.0,5.5
2017-12-20,471179.25,7.5
2017-12-21,473523.0,7.5
2017-12-22,472298.25,5.5
2017-12-25,472298.25,5.5
2017-12-26,471879.75,7.5
2017-12-27,470655.0,5.5
2017-12-28,471411.25,5.5
2017-12-29,470230.5,5.5
2018-01-01,470230.5,5.5
2018-01-02,473593.25,3.5
2018-01-03,477081.25,7.5
2018-01-04,481206.25,7.5
2018-01-05,486919.0,5.5
2018-01-07,486919.0,5.5
2018-01-08,489044.25,7.5
2018-01-09,491850.75,5.5
2018-01-10,489919.75,7.5
2018-01-11,496013.5,7.5
2018-01-12,504445.0,5.5
2018-01-15,504445.0,5.5
2018-01-16,503064.0,7.5
2018-01-17,512433.0,5.5
2018-01-18,510301.75,5.5
2018-01-19,513389.5,7.5
2018-01-21,513389.5,7.5
2018-01-22,521071.0,5.5
2018-01-23,524296.25,7.5
2018-01-24,524390.0,7.5
2018-01-25,523165.25,5.5
2018-01-26,531753.0,7.5
2018-01-28,531753.0,7.5
2018-01-29,524809.5,5.5
2018-01-30,518753.5,7.5
2018-01-31,519216.25,5.5
2018-02-01,515154.0,3.5
2018-02-02,505916.75,5.5
2018-02-04,505916.75,5.5
2018-02-05,480473.25,3.5
2018-02-06,483798.25,3.5
2018-02-07,484973.5,5.5
2018-02-08,458498.75,3.5
2018-02-09,461730.25,5.5
2018-02-11,461730.25,5.5
2018-02-12,471005.5,3.5
2018-02-13,472705.75,5.5
2018-02-14,482599.75,3.5
2018-02-15,487137.75,7.5
2018-02-16,492575.25,7.5
2018-02-19,492575.25,7.5
2018-02-20,482163.0,5.5
2018-02-21,483738.25,7.5
2018-02-22,477451.0,5.5
2018-02-23,489344.75,5.5
2018-02-25,489344.75,5.5
2018-02-26,498488.5,5.5
2018-02-27,491676.25,7.5
2018-02-28,480695.5,3.5
2018-03-01,472595.75,5.5
2018-03-02,475552.0,5.5
2018-03-04,475552.0,5.5
2018-03-05,486345.75,5.5
2018-03-06,486339.75,7.5
2018-03-07,487359.0,3.5
2018-03-08,487178.0,5.5
2018-03-09,501534.75,5.5
2018-03-11,501534.75,5.5
2018-03-12,504422.25,5.5
2018-03-13,495753.75,7.5
2018-03-14,491284.5,5.5
2018-03-15,491416.0,7.5
2018-03-16,494128.75,5.5
2018-03-18,494128.75,5.5
2018-03-19,480922.75,3.5
2018-03-20,482316.75,5.5
2018-03-21,483479.5,3.5
2018-03-22,470042.25,5.5
2018-03-23,455742.25,5.5
2018-03-25,455742.25,5.5
2018-03-26,473267.5,3.5
2018-03-27,463767.75,5.5
2018-03-28,465686.75,3.5
2018-03-29,472118.0,3.5
2018-04-01,472118.0,3.5
2018-04-02,458637.0,5.5
2018-04-03,469837.25,3.5
2018-04-04,474944.0,7.5
2018-04-05,483944.0,7.5
2018-04-06,460031.75,5.5
2018-04-08,460031.75,5.5
2018-04-09,467175.75,7.5
2018-04-10,478976.25,3.5
2018-04-11,476389.0,5.5
2018-04-12,482776.75,7.5
2018-04-13,477702.25,3.5
2018-04-15,477702.25,3.5
2018-04-16,482284.0,7.5
2018-04-17,493615.75,3.5
2018-04-18,493747.0,3.5
2018-04-19,490628.75,7.5
2018-04-20,479841.5,5.5
2018-04-22,479841.5,5.5
2018-04-23,480798.0,7.5
2018-04-24,464016.75,7.5
2018-04-25,466729.5,5.5
2018-04-26,476480.0,5.5
2018-04-27,477367.75,3.5
2018-04-29,477367.75,3.5
2018-04-30,474993.25,7.5
2018-05-01,471337.0,7.5
2018-05-02,466174.75,5.5
2018-05-03,464312.5,7.5
2018-05-04,478269.25,3.5
2018-05-06,478269.25,3.5
2018-05-07,478838.0,3.5
2018-05-08,478657.0,5.5
2018-05-09,486144.75,3.5
2018-05-10,490776.25,5.5
2018-05-11,492220.0,5.5
2018-05-13,492220.0,5.5
2018-05-14,492901.5,3.5
2018-05-15,488602.0,7.5
2018-05-16,494783.5,5.5
2018-05-17,494571.25,3.5
2018-05-18,493640.5,7.5
2018-05-20,493640.5,7.5
2018-05-21,500003.5,3.5
2018-05-22,499035.0,5.5
2018-05-23,499504.25,5.5
2018-05-24,499085.75,3.5
2018-05-25,497805.0,7.5
2018-05-28,497805.0,7.5
2018-05-29,487111.5,5.5
2018-05-30,496249.25,7.5
2018-05-31,490337.0,5.5
2018-06-01,497274.75,3.5
2018-06-03,497274.75,3.5
2018-06-04,499631.25,5.5
2018-06-05,500244.0,3.5
2018-06-06,503481.5,3.5
2018-06-07,503913.0,5.5
2018-06-08,506382.0,3.5
2018-06-10,506382.0,3.5
2018-06-11,508038.5,5.5
2018-06-12,506932.5,3.5
2018-06-13,506149.75,5.5
2018-06-14,507450.0,7.5
2018-06-15,504912.75,5.5
2018-06-17,504912.75,5.5
2018-06-18,503463.0,7.5
2018-06-19,498119.25,7.5
2018-06-20,502238.25,5.5
2018-06-21,495288.5,7.5
2018-06-22,501470.0,5.5
2018-06-24,501470.0,5.5
2018-06-25,489026.25,5.5
2018-06-26,491289.0,7.5
2018-06-27,484908.0,5.5
2018-06-28,487102.0,7.5
2018-06-29,491314.75,5.5
2018-07-01,491314.75,5.5
2018-07-02,489102.75,1.5
2018-07-03,488434.5,5.5
2018-07-04,488434.5,5.5
2018-07-05,494885.0,1.5
2018-07-06,496566.5,3.5
2018-07-08,496566.5,3.5
2018-07-09,501160.25,3.5
2018-07-10,502685.5,1.5
2018-07-11,501548.5,5.5
2018-07-12,506486.5,1.5
2018-07-13,506899.0,1.5
2018-07-15,506899.0,1.5
2018-07-16,506605.75,5.5
2018-07-17,510718.75,1.5
2018-07-18,510956.5,3.5
2018-07-19,509113.0,5.5
2018-07-20,508419.5,3.5
2018-07-22,508419.5,3.5
2018-07-23,509151.25,3.5
2018-07-24,510370.25,1.5
2018-07-25,512258.0,3.5
2018-07-26,511733.0,3.5
2018-07-27,508308.5,3.5
2018-07-29,508308.5,3.5
2018-07-30,505496.5,7.5
2018-07-31,511578.25,3.5
2018-08-01,511053.25,3.5
2018-08-02,513278.5,5.5
2018-08-03,516228.75,3.5
2018-08-05,516228.75,3.5
2018-08-06,518147.75,5.5
2018-08-07,520622.75,5.5
2018-08-08,521029.25,3.5
2018-08-09,520273.5,7.5
2018-08-10,511830.0,5.5
2018-08-12,511830.0,5.5
2018-08-13,509417.75,3.5
2018-08-14,512162.0,7.5
2018-08-15,505031.0,5.5
2018-08-16,510450.25,5.5
2018-08-17,513875.75,5.5
2018-08-19,513875.75,5.5
2018-08-20,515732.0,5.5
2018-08-21,516963.5,7.5
2018-08-22,516588.5,7.5
2018-08-23,513295.25,3.5
2018-08-24,516870.75,7.5
2018-08-26,516870.75,7.5
2018-08-27,524364.75,5.5
2018-08-28,524565.0,7.5
2018-08-29,531871.5,5.5
2018-08-30,527746.5,5.5
2018-08-31,527665.75,5.5
2018-09-03,527665.75,5.5
2018-09-04,525734.75,3.5
2018-09-05,524591.25,5.5
2018-09-06,522866.5,3.5
2018-09-07,521291.5,3.5
2018-09-09,521291.5,3.5
2018-09-10,522729.25,5.5
2018-09-11,524779.75,5.5
2018-09-12,525323.75,7.5
2018-09-13,529448.75,7.5
2018-09-14,531411.5,5.5
2018-09-16,531411.5,5.5
2018-09-17,527137.0,5.5
2018-09-18,531462.25,3.5
2018-09-19,532035.75,5.5
2018-09-20,538148.5,7.5
2018-09-21,537298.75,5.5
2018-09-23,537298.75,5.5
2018-09-24,534330.5,5.5
2018-09-25,533705.75,3.5
2018-09-26,532349.5,3.5
2018-09-27,533174.75,5.5
2018-09-28,532956.5,5.5
