date,Alpha $ PnL,Net Futures Exposure
3/22/2011,0,0
3/23/2011,0,0
3/24/2011,0,0
3/25/2011,0,1.5
3/28/2011,0,1.5
3/29/2011,0,1.5
3/30/2011,0,1.5
3/31/2011,0,1.5
4/1/2011,0,1.5
4/4/2011,0,1.5
4/5/2011,0,1.5
4/6/2011,0,1.5
4/7/2011,0,1.5
4/8/2011,0,1.5
4/11/2011,0,1.5
4/12/2011,0,1.5
4/13/2011,0,1.5
4/14/2011,0,1.5
4/15/2011,0,1.5
4/18/2011,0,1.5
4/19/2011,0,1.5
4/20/2011,0,1.5
4/21/2011,0,1.5
4/22/2011,0,1.5
4/25/2011,0,1.5
4/26/2011,0,1.5
4/27/2011,0,1.5
4/28/2011,0,1.5
4/29/2011,0,1.5
5/2/2011,0,1.5
5/3/2011,0,1.5
5/4/2011,0,1.5
5/5/2011,0,1.5
5/6/2011,0,1.5
5/9/2011,0,1.5
5/10/2011,0,1.5
5/11/2011,0,1.5
5/12/2011,0,1.5
5/13/2011,0,1.5
5/16/2011,0,1.5
5/17/2011,0,1.5
5/18/2011,0,1.5
5/19/2011,0,1.5
5/20/2011,0,1.5
5/23/2011,0,1.5
5/24/2011,0,1.5
5/25/2011,0,1.5
5/26/2011,0,1.5
5/27/2011,0,1.5
5/31/2011,0,1.5
6/1/2011,0,1.5
6/2/2011,0,1.5
6/3/2011,0,1.5
6/4/2011,0,1.5
6/5/2011,0,1.5
6/6/2011,-10.5,1.5
6/7/2011,64.5,1.5
6/8/2011,-591.75,1.5
6/9/2011,233.25,1.5
6/10/2011,-1154.25,1.5
6/11/2011,-1154.25,1.5
6/12/2011,-1154.25,1.5
6/13/2011,-1210.5,1.5
6/14/2011,8.25,1.5
6/15/2011,-1456.5,1.5
6/16/2011,-1531.5,1.5
6/17/2011,-987.75,1.5
6/18/2011,-987.75,1.5
6/19/2011,-987.75,1.5
6/20/2011,-594,1.5
6/21/2011,643.5,1.5
6/22/2011,137.25,1.5
6/23/2011,-706.5,1.5
6/24/2011,-1306.5,1.5
6/25/2011,-1306.5,1.5
6/26/2011,-1306.5,1.5
6/27/2011,-369,1.5
6/28/2011,662.25,1.5
6/29/2011,1506,1.5
6/30/2011,2631,1.5
7/1/2011,4056,1.5
7/2/2011,4056,1.5
7/3/2011,4056,1.5
7/4/2011,4056,1.5
7/5/2011,3906,1.5
7/6/2011,3924.75,1.5
7/7/2011,5106,1.5
7/8/2011,4281,1.5
7/9/2011,4281,1.5
7/10/2011,4281,1.5
7/11/2011,2462.25,1.5
7/12/2011,2293.5,3.5
7/13/2011,2274.75,3.5
7/14/2011,1806,1.5
7/15/2011,2199.75,1.5
7/16/2011,2199.75,1.5
7/17/2011,2199.75,1.5
7/18/2011,1318.5,3.5
7/19/2011,3081,3.5
7/20/2011,3043.5,3.5
7/21/2011,4431,3.5
7/22/2011,4431,1.5
7/23/2011,4431,1.5
7/24/2011,4431,3.5
7/25/2011,3924.75,3.5
7/26/2011,3531,1.5
7/27/2011,1506,1.5
7/28/2011,1149.75,1.5
7/29/2011,531,3.5
7/30/2011,531,1.5
7/31/2011,531,3.5
8/1/2011,193.5,1.5
8/2/2011,-1981.5,3.5
8/3/2011,-2000.25,3.5
8/4/2011,-5900.25,1.5
8/5/2011,-6331.5,1.5
8/6/2011,-6331.5,1.5
8/7/2011,-6331.5,3.5
8/8/2011,-11919,3.5
8/9/2011,-10062.75,3.5
8/10/2011,-11675.25,3.5
8/11/2011,-7437.75,3.5
8/12/2011,-8112.75,3.5
8/13/2011,-8112.75,5.5
8/14/2011,-8112.75,3.5
8/15/2011,-6106.5,3.5
8/16/2011,-6519,1.5
8/17/2011,-6819,3.5
8/18/2011,-11356.5,1.5
8/19/2011,-11825.25,5.5
8/20/2011,-11825.25,1.5
8/21/2011,-11825.25,3.5
8/22/2011,-11562.75,3.5
8/23/2011,-9387.75,5.5
8/24/2011,-8000.25,5.5
8/25/2011,-9594,7.5
8/26/2011,-8169,3.5
8/27/2011,-8169,7.5
8/28/2011,-8169,3.5
8/29/2011,-5619,5.5
8/30/2011,-4850.25,3.5
8/31/2011,-4681.5,3.5
9/1/2011,-5750.25,3.5
9/2/2011,-8000.25,3.5
9/3/2011,-8000.25,1.5
9/4/2011,-8000.25,5.5
9/5/2011,-8000.25,1.5
9/6/2011,-9237.75,5.5
9/7/2011,-6575.25,1.5
9/8/2011,-6987.75,5.5
9/9/2011,-9594,1.5
9/10/2011,-9594,3.5
9/11/2011,-9594,1.5
9/12/2011,-9575.25,5.5
9/13/2011,-8131.5,1.5
9/14/2011,-6465,5.5
9/15/2011,-5546.25,3.5
9/16/2011,-4983.75,3.5
9/17/2011,-4983.75,1.5
9/18/2011,-4983.75,3.5
9/19/2011,-5565,1.5
9/20/2011,-5883.75,5.5
9/21/2011,-7871.25,1.5
9/22/2011,-11865,5.5
9/23/2011,-10983.75,1.5
9/24/2011,-10983.75,3.5
9/25/2011,-10983.75,3.5
9/26/2011,-9183.75,3.5
9/27/2011,-7908.75,1.5
9/28/2011,-9540,3.5
9/29/2011,-9502.5,3.5
9/30/2011,-10608.75,3.5
10/1/2011,-10608.75,3.5
10/2/2011,-10608.75,3.5
10/3/2011,-13121.25,3.5
10/4/2011,-13196.25,3.5
10/5/2011,-10233.75,5.5
10/6/2011,-8921.25,7.5
10/7/2011,-8771.25,3.5
10/8/2011,-8771.25,5.5
10/9/2011,-8771.25,5.5
10/10/2011,-8771.25,3.5
10/11/2011,-6246,5.5
10/12/2011,-3052.25,3.5
10/13/2011,-5333.25,3.5
10/14/2011,-3852,3.5
10/15/2011,-3852,3.5
10/16/2011,-3852,3.5
10/17/2011,-5202,1.5
10/18/2011,-3439.5,5.5
10/19/2011,-4683,5.5
10/20/2011,-3808,3.5
10/21/2011,-789.25,3.5
10/22/2011,-789.25,1.5
10/23/2011,-789.25,1.5
10/24/2011,2579.5,3.5
10/25/2011,-1189,1.5
10/26/2011,-195.25,3.5
10/27/2011,3061.25,1.5
10/28/2011,2623.75,3.5
10/29/2011,2623.75,5.5
10/30/2011,2623.75,3.5
10/31/2011,-2194.75,5.5
11/1/2011,-4838.5,7.5
11/2/2011,-3769.75,3.5
11/3/2011,-1844.5,3.5
11/4/2011,-3338,7.5
11/5/2011,-3338,5.5
11/6/2011,-3338,5.5
11/7/2011,-2875.25,5.5
11/8/2011,-37.5,3.5
11/9/2011,-3474.75,7.5
11/10/2011,-1593.5,5.5
11/11/2011,-1593.5,7.5
11/12/2011,-1593.5,5.5
11/13/2011,-1593.5,7.5
11/14/2011,806.75,7.5
11/15/2011,1481.75,3.5
11/16/2011,-18.25,5.5
11/17/2011,-2368,5.5
11/18/2011,-1361.75,3.5
11/19/2011,-1361.75,5.5
11/20/2011,-1361.75,5.5
11/21/2011,-4643,7.5
11/22/2011,-6130.5,7.5
11/23/2011,-9499.25,5.5
11/24/2011,-9499.25,5.5
11/25/2011,-11949.25,3.5
11/26/2011,-11949.25,3.5
11/27/2011,-11949.25,7.5
11/28/2011,-6749,7.5
11/29/2011,-2836.25,3.5
11/30/2011,4939.25,7.5
12/1/2011,5239.5,5.5
12/2/2011,5214.75,7.5
12/3/2011,5214.75,5.5
12/4/2011,5214.75,7.5
12/5/2011,6608.75,7.5
12/6/2011,7290.5,5.5
12/7/2011,8103.5,7.5
12/8/2011,6222.5,5.5
12/9/2011,9229.25,5.5
12/10/2011,9229.25,7.5
12/11/2011,9229.25,5.5
12/12/2011,5448.75,7.5
12/13/2011,2274.25,7.5
12/14/2011,-801.75,3.5
12/15/2011,780,5.5
12/16/2011,1074.25,3.5
12/17/2011,1074.25,1.5
12/18/2011,1074.25,3.5
12/19/2011,-4469,5.5
12/20/2011,2262.5,5.5
12/21/2011,2588.25,5.5
12/22/2011,4370,3.5
12/23/2011,6283,5.5
12/24/2011,6283,5.5
12/25/2011,6283,1.5
12/26/2011,6283,5.5
12/27/2011,6796,3.5
12/28/2011,3858.75,3.5
12/29/2011,4821.75,5.5
12/30/2011,3984.75,3.5
12/31/2011,3984.75,5.5
1/1/2012,3984.75,3.5
1/2/2012,3984.75,3.5
1/3/2012,5529,5.5
1/4/2012,4898.25,3.5
1/5/2012,5148.75,5.5
1/6/2012,4311.75,5.5
1/7/2012,4311.75,5.5
1/8/2012,4311.75,7.5
1/9/2012,4568.25,5.5
1/10/2012,6268.5,5.5
1/11/2012,6387.75,5.5
1/12/2012,7269.5,3.5
1/13/2012,6695,5.5
1/14/2012,6695,3.5
1/15/2012,6695,5.5
1/16/2012,6695,7.5
1/17/2012,8132.75,5.5
1/18/2012,10395.75,7.5
1/19/2012,11658.5,7.5
1/20/2012,11652.5,3.5
1/21/2012,11652.5,5.5
1/22/2012,11652.5,3.5
1/23/2012,12302.75,5.5
1/24/2012,11972,5.5
1/25/2012,15810,5.5
1/26/2012,15048,7.5
1/27/2012,15586,5.5
1/28/2012,15586,3.5
1/29/2012,15586,3.5
1/30/2012,14923.75,3.5
1/31/2012,15305.5,5.5
2/1/2012,17743.5,3.5
2/2/2012,17650,1.5
2/3/2012,18956.5,5.5
2/4/2012,18956.5,3.5
2/5/2012,18956.5,3.5
2/6/2012,18956.5,5.5
2/7/2012,19962.75,3.5
2/8/2012,20137.75,5.5
2/9/2012,20444,3.5
2/10/2012,18606.5,3.5
2/11/2012,18606.5,5.5
2/12/2012,18606.5,3.5
2/13/2012,20356.5,5.5
2/14/2012,19913,5.5
2/15/2012,19082,3.5
2/16/2012,24507.5,5.5
2/17/2012,24982.75,3.5
2/18/2012,24982.75,5.5
2/19/2012,24982.75,7.5
2/20/2012,24982.75,5.5
2/21/2012,24914,7.5
2/22/2012,24083,7.5
2/23/2012,24995.75,1.5
2/24/2012,25471,5.5
2/25/2012,25471,3.5
2/26/2012,25471,3.5
2/27/2012,26115.25,5.5
2/28/2012,26759.5,3.5
2/29/2012,25622,5.5
3/1/2012,26791.25,3.5
3/2/2012,26304,3.5
3/3/2012,26304,5.5
3/4/2012,26304,3.5
3/5/2012,25935.75,5.5
3/6/2012,20092,5.5
3/7/2012,23317.25,3.5
3/8/2012,25449,5.5
3/9/2012,26230.5,5.5
3/10/2012,26230.5,5.5
3/11/2012,26230.5,7.5
3/12/2012,26193,5.5
3/13/2012,27949.5,7.5
3/14/2012,27866.75,7.5
3/15/2012,28479.5,3.5
3/16/2012,28998.5,5.5
3/17/2012,28998.5,3.5
3/18/2012,28998.5,5.5
3/19/2012,29386.25,7.5
3/20/2012,28374,5.5
3/21/2012,28711.75,7.5
3/22/2012,26562,5.5
3/23/2012,27656,5.5
3/24/2012,27656,5.5
3/25/2012,27656,3.5
3/26/2012,34394,5.5
3/27/2012,34175.25,7.5
3/28/2012,32675.75,5.5
3/29/2012,32013.5,7.5
3/30/2012,33514,5.5
3/31/2012,33514,5.5
4/1/2012,33514,5.5
4/2/2012,36607.75,3.5
4/3/2012,34264.25,7.5
4/4/2012,32414.75,5.5
4/5/2012,31752.5,3.5
4/6/2012,26521.5,7.5
4/7/2012,26521.5,3.5
4/8/2012,26521.5,7.5
4/9/2012,27921.75,7.5
4/10/2012,21384.5,5.5
4/11/2012,24572,7.5
4/12/2012,32060,5.5
4/13/2012,29560.25,7.5
4/14/2012,29560.25,7.5
4/15/2012,29560.25,5.5
4/16/2012,29204.5,5.5
4/17/2012,34561,3.5
4/18/2012,33680,3.5
4/19/2012,31330.5,5.5
4/20/2012,31393.25,3.5
4/21/2012,31393.25,5.5
4/22/2012,31393.25,3.5
4/23/2012,26799.5,3.5
4/24/2012,29043.5,5.5
4/25/2012,33775.25,3.5
4/26/2012,36931.75,5.5
4/27/2012,37588,5.5
4/28/2012,37588,3.5
4/29/2012,37588,5.5
4/30/2012,36351,3.5
5/1/2012,40194.75,3.5
5/2/2012,38495.25,7.5
5/3/2012,36558.25,5.5
5/4/2012,28958.5,5.5
5/5/2012,28958.5,5.5
5/6/2012,28958.5,3.5
5/7/2012,28883.75,5.5
5/8/2012,26252.75,3.5
5/9/2012,24803,7.5
5/10/2012,24334.25,7.5
5/11/2012,23015.75,5.5
5/12/2012,23015.75,7.5
5/13/2012,23015.75,5.5
5/14/2012,18953.5,3.5
5/15/2012,16603.75,5.5
5/16/2012,15160,3.5
5/17/2012,9654,5.5
5/18/2012,4679.25,5.5
5/19/2012,4679.25,3.5
5/20/2012,4679.25,5.5
5/21/2012,10585.75,3.5
5/22/2012,10023.25,3.5
5/23/2012,11980,5.5
5/24/2012,11930.25,3.5
5/25/2012,11706,5.5
5/26/2012,11706,3.5
5/27/2012,11706,3.5
5/28/2012,11706,5.5
5/29/2012,14412.5,3.5
5/30/2012,13075.25,5.5
5/31/2012,13156.75,5.5
6/1/2012,3244.75,3.5
6/2/2012,3244.75,5.5
6/3/2012,3244.75,3.5
6/4/2012,2682.75,3.5
6/5/2012,2951.75,5.5
6/6/2012,2945.75,5.5
6/7/2012,13739.5,5.5
6/8/2012,15996.25,5.5
6/9/2012,15996.25,3.5
6/10/2012,15996.25,5.5
6/11/2012,15253,5.5
6/12/2012,17722,5.5
6/13/2012,15764,7.5
6/14/2012,18864.25,3.5
6/15/2012,21814.5,5.5
6/16/2012,21814.5,5.5
6/17/2012,21814.5,5.5
6/18/2012,22421,7.5
6/19/2012,26333.75,5.5
6/20/2012,25590,7.5
6/21/2012,20815.25,5.5
6/22/2012,23353,3.5
6/23/2012,23353,7.5
6/24/2012,23353,3.5
6/25/2012,19715.75,3.5
6/26/2012,21697.5,5.5
6/27/2012,24585,3.5
6/28/2012,23066.5,5.5
6/29/2012,34966.75,3.5
6/30/2012,34966.75,5.5
7/1/2012,34966.75,5.5
7/2/2012,36192.25,3.5
7/3/2012,39079.75,5.5
7/4/2012,39079.75,7.5
7/5/2012,37836.25,5.5
7/6/2012,35424,5.5
7/7/2012,35424,3.5
7/8/2012,35424,5.5
7/9/2012,34386.75,7.5
7/10/2012,32149.5,5.5
7/11/2012,33037.25,7.5
7/12/2012,32093.75,5.5
7/13/2012,37037.75,3.5
7/14/2012,37037.75,7.5
7/15/2012,37037.75,3.5
7/16/2012,35069,5.5
7/17/2012,38900.75,5.5
7/18/2012,40732.25,3.5
7/19/2012,42170,7.5
7/20/2012,39757.75,5.5
7/21/2012,39757.75,5.5
7/22/2012,39757.75,7.5
7/23/2012,36457.75,5.5
7/24/2012,31908.25,5.5
7/25/2012,32177.25,5.5
7/26/2012,42015,3.5
7/27/2012,49227.75,5.5
7/28/2012,49227.75,5.5
7/29/2012,49227.75,5.5
7/30/2012,48515.75,7.5
7/31/2012,47847.5,3.5
8/1/2012,47579,5.5
8/2/2012,43448,3.5
8/3/2012,48123.25,3.5
8/4/2012,48123.25,5.5
8/5/2012,48123.25,3.5
8/6/2012,48617.5,5.5
8/7/2012,50192.75,5.5
8/8/2012,50105.25,5.5
8/9/2012,50274.25,5.5
8/10/2012,50818.25,3.5
8/11/2012,50818.25,5.5
8/12/2012,50818.25,3.5
8/13/2012,50681,5.5
8/14/2012,50331.25,3.5
8/15/2012,51075,3.5
8/16/2012,52862.75,5.5
8/17/2012,52925.5,3.5
8/18/2012,52925.5,7.5
8/19/2012,52925.5,7.5
8/20/2012,53007,5.5
8/21/2012,51838.25,7.5
8/22/2012,51901,3.5
8/23/2012,50232.5,5.5
8/24/2012,53045.25,7.5
8/25/2012,53045.25,3.5
8/26/2012,53045.25,5.5
8/27/2012,52470.5,7.5
8/28/2012,52670.75,5.5
8/29/2012,53133.5,7.5
8/30/2012,50308.75,5.5
8/31/2012,51902.5,7.5
9/1/2012,51902.5,7.5
9/2/2012,51902.5,5.5
9/3/2012,51902.5,7.5
9/4/2012,51603.25,3.5
9/5/2012,51516.25,3.5
9/6/2012,58992,5.5
9/7/2012,60042,3.5
9/8/2012,60042,5.5
9/9/2012,60042,7.5
9/10/2012,58854.75,3.5
9/11/2012,59880,5.5
9/12/2012,60224,3.5
9/13/2012,67436.75,3.5
9/14/2012,67655.5,7.5
9/15/2012,67655.5,5.5
9/16/2012,67655.5,7.5
9/17/2012,67343.25,5.5
9/18/2012,66649.75,3.5
9/19/2012,67529.5,5.5
9/20/2012,66292,3.5
9/21/2012,66836,7.5
9/22/2012,66836,7.5
9/23/2012,66836,5.5
9/24/2012,66348.75,5.5
9/25/2012,62418,3.5
9/26/2012,59736.75,3.5
9/27/2012,63580.75,7.5
9/28/2012,61137.25,5.5
9/29/2012,61137.25,7.5
9/30/2012,61137.25,5.5
10/1/2012,61818.75,3.5
10/2/2012,62193.75,5.5
10/3/2012,64619.25,5.5
10/4/2012,66363.25,5.5
10/5/2012,65807.25,7.5
10/6/2012,65807.25,3.5
10/7/2012,65807.25,5.5
10/8/2012,65807.25,5.5
10/9/2012,63132.5,5.5
10/10/2012,60239,7.5
10/11/2012,60889.25,5.5
10/12/2012,59508.25,3.5
10/13/2012,59508.25,5.5
10/14/2012,59508.25,3.5
10/15/2012,63439.75,5.5
10/16/2012,67496,3.5
10/17/2012,69477.75,3.5
10/18/2012,68853,5.5
10/19/2012,64647,3.5
10/20/2012,64647,7.5
10/21/2012,64647,7.5
10/22/2012,62716,5.5
10/23/2012,57178.75,7.5
10/24/2012,55522.75,5.5
10/25/2012,57016.75,5.5
10/26/2012,57291.75,5.5
10/27/2012,57291.75,3.5
10/28/2012,57291.75,7.5
10/29/2012,55973.5,5.5
10/30/2012,58305,5.5
10/31/2012,57593,3.5
11/1/2012,62930.75,1.5
11/2/2012,50812.75,3.5
11/3/2012,50812.75,5.5
11/4/2012,50812.75,1.5
11/5/2012,57363.25,3.5
11/6/2012,60351.25,3.5
11/7/2012,55701.75,3.5
11/8/2012,48858,3.5
11/9/2012,37508.25,1.5
11/10/2012,37508.25,3.5
11/11/2012,37508.25,3.5
11/12/2012,37508.25,1.5
11/13/2012,44171,5.5
11/14/2012,37133.75,3.5
11/15/2012,28877.75,5.5
11/16/2012,41815.25,7.5
11/17/2012,41815.25,5.5
11/18/2012,41815.25,5.5
11/19/2012,50434.25,3.5
11/20/2012,50972.25,3.5
11/21/2012,52410,5.5
11/22/2012,52410,3.5
11/23/2012,55385,3.5
11/24/2012,55385,5.5
11/25/2012,55385,3.5
11/26/2012,54810.25,5.5
11/27/2012,53498,1.5
11/28/2012,55285.75,1.5
11/29/2012,57411,3.5
11/30/2012,57017.25,1.5
12/1/2012,57017.25,3.5
12/2/2012,57017.25,3.5
12/3/2012,56530,3.5
12/4/2012,55561.5,3.5
12/5/2012,56036.75,1.5
12/6/2012,56655.5,5.5
12/7/2012,58024.5,3.5
12/8/2012,58024.5,3.5
12/9/2012,58024.5,3.5
12/10/2012,58499.75,1.5
12/11/2012,60625,5.5
12/12/2012,60581.25,5.5
12/13/2012,59694.25,1.5
12/14/2012,56782,1.5
12/15/2012,56782,3.5
12/16/2012,56782,1.5
12/17/2012,60413.75,5.5
12/18/2012,64882.5,3.5
12/19/2012,63937.75,3.5
12/20/2012,64019.25,5.5
12/21/2012,60507,1.5
12/22/2012,60507,3.5
12/23/2012,60507,3.5
12/24/2012,59751.25,3.5
12/25/2012,59751.25,5.5
12/26/2012,58157.5,7.5
12/27/2012,57870.25,5.5
12/28/2012,53395.5,5.5
12/29/2012,53395.5,5.5
12/30/2012,53395.5,3.5
12/31/2012,60139.5,5.5
1/1/2013,60139.5,5.5
1/2/2013,69621,3.5
1/3/2013,69921.25,7.5
1/4/2013,72184,5.5
1/5/2013,72184,5.5
1/6/2013,72184,3.5
1/7/2013,71303,5.5
1/8/2013,69721.75,5.5
1/9/2013,70953.25,5.5
1/10/2013,73047.25,5.5
1/11/2013,73178.75,3.5
1/12/2013,73178.75,3.5
1/13/2013,73178.75,5.5
1/14/2013,72741.25,3.5
1/15/2013,73172.75,5.5
1/16/2013,73235.5,5.5
1/17/2013,75110.75,3.5
1/18/2013,75311,5.5
1/19/2013,75311,5.5
1/20/2013,75311,3.5
1/21/2013,75311,5.5
1/22/2013,76492.25,5.5
1/23/2013,77142.5,7.5
1/24/2013,77892.75,3.5
1/25/2013,78368,3.5
1/26/2013,78368,7.5
1/27/2013,78368,3.5
1/28/2013,78918,5.5
1/29/2013,80905.75,7.5
1/30/2013,79674.75,5.5
1/31/2013,78981.25,5.5
2/1/2013,81518.75,5.5
2/2/2013,81518.75,5.5
2/3/2013,81518.75,5.5
2/4/2013,78581.5,3.5
2/5/2013,82969.5,7.5
2/6/2013,82407.5,7.5
2/7/2013,81788.75,5.5
2/8/2013,84051.5,7.5
2/9/2013,84051.5,5.5
2/10/2013,84051.5,7.5
2/11/2013,84308,5.5
2/12/2013,84639.75,7.5
2/13/2013,84627.75,7.5
2/14/2013,85515.5,3.5
2/15/2013,84753.5,5.5
2/16/2013,84753.5,3.5
2/17/2013,84753.5,3.5
2/18/2013,84753.5,7.5
2/19/2013,86585,3.5
2/20/2013,82448,7.5
2/21/2013,79766.75,5.5
2/22/2013,82442,5.5
2/23/2013,82442,7.5
2/24/2013,82442,5.5
2/25/2013,76061,7.5
2/26/2013,76605,7.5
2/27/2013,84286.5,5.5
2/28/2013,84624.25,7.5
3/1/2013,84131,5.5
3/2/2013,84131,3.5
3/3/2013,84131,5.5
3/4/2013,86462.75,3.5
3/5/2013,89525.25,5.5
3/6/2013,89475.5,7.5
3/7/2013,90569.5,5.5
3/8/2013,91919.75,5.5
3/9/2013,91919.75,7.5
3/10/2013,91919.75,5.5
3/11/2013,92670,5.5
3/12/2013,92270.25,3.5
3/13/2013,92900.75,3.5
3/14/2013,95232.25,7.5
3/15/2013,94701.25,3.5
3/16/2013,94701.25,7.5
3/17/2013,94701.25,3.5
3/18/2013,92151.5,7.5
3/19/2013,90364.25,7.5
3/20/2013,94477.25,3.5
3/21/2013,90552.5,7.5
3/22/2013,91815.25,3.5
3/23/2013,91815.25,3.5
3/24/2013,91815.25,5.5
3/25/2013,90434.25,3.5
3/26/2013,96053.25,7.5
3/27/2013,95841,5.5
3/28/2013,88241.25,5.5
3/29/2013,95591.5,7.5
3/30/2013,95591.5,5.5
3/31/2013,95591.5,7.5
4/1/2013,94092,7.5
4/2/2013,95767.5,5.5
4/3/2013,93749,5.5
4/4/2013,95124,3.5
4/5/2013,93261.75,3.5
4/6/2013,93261.75,5.5
4/7/2013,93261.75,3.5
4/8/2013,94868.5,5.5
4/9/2013,98050,5.5
4/10/2013,103412.5,3.5
4/11/2013,104644,5.5
4/12/2013,102669.25,3.5
4/13/2013,102669.25,5.5
4/14/2013,102669.25,5.5
4/15/2013,94063.5,5.5
4/16/2013,98669.75,7.5
4/17/2013,92682.5,5.5
4/18/2013,90926.5,3.5
4/19/2013,94627,5.5
4/20/2013,94627,3.5
4/21/2013,94627,5.5
4/22/2013,96758.25,7.5
4/23/2013,100739.75,5.5
4/24/2013,101477.75,7.5
4/25/2013,102740.5,3.5
4/26/2013,102253.25,5.5
4/27/2013,102253.25,7.5
4/28/2013,102253.25,3.5
4/29/2013,104003.25,5.5
4/30/2013,104259.75,3.5
5/1/2013,100335,3.5
5/2/2013,103041.5,5.5
5/3/2013,108266.5,3.5
5/4/2013,108266.5,5.5
5/5/2013,108266.5,5.5
5/6/2013,108954,3.5
5/7/2013,110947.75,5.5
5/8/2013,112798,3.5
5/9/2013,111829.5,5.5
5/10/2013,113267.25,5.5
5/11/2013,113267.25,3.5
5/12/2013,113267.25,5.5
5/13/2013,113742.5,5.5
5/14/2013,118411.5,5.5
5/15/2013,119855.25,7.5
5/16/2013,118536.75,3.5
5/17/2013,123068.25,5.5
5/18/2013,123068.25,5.5
5/19/2013,123068.25,3.5
5/20/2013,122837.5,5.5
5/21/2013,124150,3.5
5/22/2013,117956.5,3.5
5/23/2013,117263,7.5
5/24/2013,115469.75,5.5
5/25/2013,115469.75,5.5
5/26/2013,115469.75,3.5
5/27/2013,115469.75,3.5
5/28/2013,118351.25,5.5
5/29/2013,115045.25,3.5
5/30/2013,118220.75,5.5
5/31/2013,115196,5.5
6/1/2013,115196,5.5
6/2/2013,115196,7.5
6/3/2013,114433.75,5.5
6/4/2013,113490.25,3.5
6/5/2013,107021.75,7.5
6/6/2013,109828.25,5.5
6/7/2013,115803.5,5.5
6/8/2013,115803.5,5.5
6/9/2013,115803.5,3.5
6/10/2013,116834.75,5.5
6/11/2013,110360,3.5
6/12/2013,107122.75,5.5
6/13/2013,116017,5.5
6/14/2013,113960.75,5.5
6/15/2013,113960.75,7.5
6/16/2013,113960.75,5.5
6/17/2013,116142.25,5.5
6/18/2013,119848.75,5.5
6/19/2013,116703.5,7.5
6/20/2013,116697.5,5.5
6/21/2013,116685.5,7.5
6/22/2013,116685.5,3.5
6/23/2013,116685.5,5.5
6/24/2013,116679.5,3.5
6/25/2013,116673.5,3.5
6/26/2013,116673.5,5.5
6/27/2013,116661.5,5.5
6/28/2013,116655.5,7.5
6/29/2013,116655.5,7.5
6/30/2013,116655.5,5.5
7/1/2013,116649.5,5.5
7/2/2013,116643.5,5.5
7/3/2013,116637.5,7.5
7/4/2013,116637.5,7.5
7/5/2013,116631.5,3.5
7/6/2013,116631.5,7.5
7/7/2013,116631.5,5.5
7/8/2013,116625.5,3.5
7/9/2013,116613.5,5.5
7/10/2013,116613.5,5.5
7/11/2013,116607.5,7.5
7/12/2013,116595.5,5.5
7/13/2013,116595.5,3.5
7/14/2013,116595.5,7.5
7/15/2013,116589.5,3.5
7/16/2013,116589.5,5.5
7/17/2013,116577.5,7.5
7/18/2013,116571.5,3.5
7/19/2013,116565.5,5.5
7/20/2013,116565.5,3.5
7/21/2013,116565.5,3.5
7/22/2013,116559.5,7.5
7/23/2013,116553.5,3.5
7/24/2013,116547.5,7.5
7/25/2013,116535.5,7.5
7/26/2013,116535.5,5.5
7/27/2013,116535.5,7.5
7/28/2013,116535.5,5.5
7/29/2013,116529.5,5.5
7/30/2013,116517.5,7.5
7/31/2013,116511.5,5.5
8/1/2013,116511.5,7.5
8/2/2013,116499.5,5.5
8/3/2013,116499.5,5.5
8/4/2013,116499.5,7.5
8/5/2013,116493.5,5.5
8/6/2013,116487.5,7.5
8/7/2013,131606.5,7.5
8/8/2013,132650.5,3.5
8/9/2013,130857,5.5
8/10/2013,130857,3.5
8/11/2013,130857,3.5
8/12/2013,130501,5.5
8/13/2013,131870,3.5
8/14/2013,130513.75,5.5
8/15/2013,126307.75,3.5
8/16/2013,125339.25,3.5
8/17/2013,125339.25,7.5
8/18/2013,125339.25,3.5
8/19/2013,123402.25,5.5
8/20/2013,126402.25,7.5
8/21/2013,123021.25,3.5
8/22/2013,126315.25,5.5
8/23/2013,128184.25,3.5
8/24/2013,128184.25,3.5
8/25/2013,128184.25,5.5
8/26/2013,127290.5,3.5
8/27/2013,119166,5.5
8/28/2013,121222.5,5.5
8/29/2013,121341.75,3.5
8/30/2013,118054.5,5.5
8/31/2013,118054.5,5.5
9/1/2013,118054.5,5.5
9/2/2013,118054.5,5.5
9/3/2013,120861.25,3.5
9/4/2013,124418.25,5.5
9/5/2013,124806,5.5
9/6/2013,125043.75,5.5
9/7/2013,125043.75,7.5
9/8/2013,125043.75,5.5
9/9/2013,127312.75,7.5
9/10/2013,130463.25,7.5
9/11/2013,130757.25,3.5
9/12/2013,130395.25,5.5
9/13/2013,131007.75,3.5
9/14/2013,131007.75,3.5
9/15/2013,131007.75,5.5
9/16/2013,132614.5,3.5
9/17/2013,134096,5.5
9/18/2013,135644,3.5
9/19/2013,135294,3.5
9/20/2013,133056.75,7.5
9/21/2013,133056.75,5.5
9/22/2013,133056.75,7.5
9/23/2013,132482.25,5.5
9/24/2013,131513.75,5.5
9/25/2013,130589,7.5
9/26/2013,131064.25,3.5
9/27/2013,129277,3.5
9/28/2013,129277,5.5
9/29/2013,129277,3.5
9/30/2013,126377.5,5.5
10/1/2013,128984,7.5
10/2/2013,129115.25,5.5
10/3/2013,127446.75,7.5
10/4/2013,129640.75,3.5
10/5/2013,129640.75,3.5
10/6/2013,129640.75,5.5
10/7/2013,127835,3.5
10/8/2013,124635.25,7.5
10/9/2013,123873,5.5
10/10/2013,129817,5.5
10/11/2013,132211.25,7.5
10/12/2013,132211.25,5.5
10/13/2013,132211.25,5.5
10/14/2013,132211.25,5.5
10/15/2013,132117.5,3.5
10/16/2013,133667.75,5.5
10/17/2013,135893,5.5
10/18/2013,136674.5,3.5
10/19/2013,136674.5,7.5
10/20/2013,136674.5,5.5
10/21/2013,136750,7.5
10/22/2013,138937.5,5.5
10/23/2013,137306.75,5.5
10/24/2013,138219.5,5.5
10/25/2013,138713.75,7.5
10/26/2013,138713.75,7.5
10/27/2013,138713.75,5.5
10/28/2013,139464,7.5
10/29/2013,141126.5,5.5
10/30/2013,140239.5,5.5
10/31/2013,139664.75,7.5
11/1/2013,139690.25,5.5
11/2/2013,139690.25,7.5
11/3/2013,139690.25,5.5
11/4/2013,140790.25,3.5
11/5/2013,140365.75,5.5
11/6/2013,140722,5.5
11/7/2013,139141,3.5
11/8/2013,142810,5.5
11/9/2013,142810,3.5
11/10/2013,142810,5.5
11/11/2013,142810,3.5
11/12/2013,142741.75,3.5
11/13/2013,146035.75,5.5
11/14/2013,148267,5.5
11/15/2013,149048.5,5.5
11/16/2013,149048.5,5.5
11/17/2013,149048.5,5.5
11/18/2013,147317.75,7.5
11/19/2013,147199.25,3.5
11/20/2013,146061.75,3.5
11/21/2013,148587.25,7.5
11/22/2013,150287.5,3.5
11/23/2013,150287.5,5.5
11/24/2013,150287.5,5.5
11/25/2013,149525.25,3.5
11/26/2013,150925.5,7.5
11/27/2013,151544.25,3.5
11/28/2013,151544.25,5.5
11/29/2013,150913.5,5.5
11/30/2013,150913.5,3.5
12/1/2013,150913.5,5.5
12/2/2013,149532.5,5.5
12/3/2013,148126.5,5.5
12/4/2013,149157.75,7.5
12/5/2013,146126.75,5.5
12/6/2013,149352.25,5.5
12/7/2013,149352.25,5.5
12/8/2013,149352.25,7.5
12/9/2013,151502.5,5.5
12/10/2013,150115.5,3.5
12/11/2013,143922,5.5
12/12/2013,143303.5,5.5
12/13/2013,143234.75,7.5
12/14/2013,143234.75,5.5
12/15/2013,143234.75,5.5
12/16/2013,146247.75,5.5
12/17/2013,144517,5.5
12/18/2013,152234.75,5.5
12/19/2013,152016,5.5
12/20/2013,154022.5,3.5
12/21/2013,154022.5,7.5
12/22/2013,154022.5,3.5
12/23/2013,156147.75,3.5
12/24/2013,157454.25,7.5
12/25/2013,157454.25,5.5
12/26/2013,159723,7.5
12/27/2013,159373.25,5.5
12/28/2013,159373.25,3.5
12/29/2013,159373.25,7.5
12/30/2013,159061,5.5
12/31/2013,161111.5,3.5
1/1/2014,161111.5,5.5
1/2/2014,156911.75,3.5
1/3/2014,157124.5,5.5
1/4/2014,157124.5,3.5
1/5/2014,157124.5,5.5
1/6/2014,155737.5,7.5
1/7/2014,158550.25,3.5
1/8/2014,157507,7.5
1/9/2014,157857,7.5
1/10/2014,158457.5,5.5
1/11/2014,158457.5,7.5
1/12/2014,158457.5,5.5
1/13/2014,149070.5,5.5
1/14/2014,152827,7.5
1/15/2014,155777.25,5.5
1/16/2014,153990,5.5
1/17/2014,151846.75,5.5
1/18/2014,151846.75,5.5
1/19/2014,151846.75,5.5
1/20/2014,151846.75,7.5
1/21/2014,153828.5,3.5
1/22/2014,154653.5,5.5
1/23/2014,149416.5,5.5
1/24/2014,139991.75,7.5
1/25/2014,139991.75,3.5
1/26/2014,139991.75,7.5
1/27/2014,138842.25,7.5
1/28/2014,141092.25,5.5
1/29/2014,135086.25,7.5
1/30/2014,140236.5,7.5
1/31/2014,135918,3.5
2/1/2014,135918,5.5
2/2/2014,135918,5.5
2/3/2014,124155.75,5.5
2/4/2014,129681,7.5
2/5/2014,129193.75,5.5
2/6/2014,136693.75,5.5
2/7/2014,145963,5.5
2/8/2014,145963,3.5
2/9/2014,145963,3.5
2/10/2014,146088.25,5.5
2/11/2014,152407.25,3.5
2/12/2014,152144.75,5.5
2/13/2014,153839,5.5
2/14/2014,157295.75,3.5
2/15/2014,157295.75,7.5
2/16/2014,157295.75,5.5
2/17/2014,157295.75,7.5
2/18/2014,157808.75,5.5
2/19/2014,153302.75,7.5
2/20/2014,156809,7.5
2/21/2014,156321.75,3.5
2/22/2014,156321.75,5.5
2/23/2014,156321.75,3.5
2/24/2014,160815.75,3.5
2/25/2014,158403.5,5.5
2/26/2014,159247.25,5.5
2/27/2014,162428.75,5.5
2/28/2014,163797.75,3.5
3/1/2014,163797.75,3.5
3/2/2014,163797.75,5.5
3/3/2014,158823,1.5
3/4/2014,167342,3.5
3/5/2014,167029.75,3.5
3/6/2014,168398.75,3.5
3/7/2014,167999,5.5
3/8/2014,167999,3.5
3/9/2014,167999,3.5
3/10/2014,168543,3.5
3/11/2014,164130.75,3.5
3/12/2014,164199.5,3.5
3/13/2014,159449.75,3.5
3/14/2014,157381.25,3.5
3/15/2014,157381.25,5.5
3/16/2014,157381.25,3.5
3/17/2014,161288,3.5
3/18/2014,165132,3.5
3/19/2014,163830.25,1.5
3/20/2014,165174.5,3.5
3/21/2014,162725,1.5
3/22/2014,162725,1.5
3/23/2014,162725,3.5
3/24/2014,162013,1.5
3/25/2014,164251,3.5
3/26/2014,162489,3.5
3/27/2014,159770.25,1.5
3/28/2014,162570.75,3.5
3/29/2014,162570.75,1.5
3/30/2014,162570.75,3.5
3/31/2014,165490,3.5
4/1/2014,169509.25,1.5
4/2/2014,170909.25,1.5
4/3/2014,170509.5,3.5
4/4/2014,164178.5,1.5
4/5/2014,164178.5,1.5
4/6/2014,164178.5,3.5
4/7/2014,160972.75,5.5
4/8/2014,162935.5,3.5
4/9/2014,167816.75,1.5
4/10/2014,158735.75,5.5
4/11/2014,151698.5,3.5
4/12/2014,151698.5,1.5
4/13/2014,151698.5,3.5
4/14/2014,153686.25,5.5
4/15/2014,159217.5,3.5
4/16/2014,166430.25,5.5
4/17/2014,168343.25,3.5
4/18/2014,167443.5,3.5
4/19/2014,167443.5,5.5
4/20/2014,167443.5,3.5
4/21/2014,168581,5.5
4/22/2014,170368.75,5.5
4/23/2014,169056.5,3.5
4/24/2014,169400.5,5.5
4/25/2014,165825.5,3.5
4/26/2014,165825.5,3.5
4/27/2014,165825.5,5.5
4/28/2014,167950.75,3.5
4/29/2014,168951,5.5
4/30/2014,170595,3.5
5/1/2014,170064,1.5
5/2/2014,169926.5,3.5
5/3/2014,169926.5,1.5
5/4/2014,169926.5,3.5
5/5/2014,170739.5,1.5
5/6/2014,167158.5,3.5
5/7/2014,170246.25,3.5
5/8/2014,169484,3.5
5/9/2014,170265.5,5.5
5/10/2014,170265.5,3.5
5/11/2014,170265.5,3.5
5/12/2014,175140.75,5.5
5/13/2014,175397.25,3.5
5/14/2014,172778.75,7.5
5/15/2014,166772.75,5.5
5/16/2014,168279.25,3.5
5/17/2014,168279.25,5.5
5/18/2014,168279.25,3.5
5/19/2014,171642.25,7.5
5/20/2014,169667.5,5.5
5/21/2014,173236.5,3.5
5/22/2014,175568.25,5.5
5/23/2014,176874.75,3.5
5/24/2014,176874.75,1.5
5/25/2014,176874.75,3.5
5/26/2014,176874.75,3.5
5/27/2014,179893.75,5.5
5/28/2014,180068.75,3.5
5/29/2014,181156.5,1.5
5/30/2014,182388,5.5
5/31/2014,182388,3.5
6/1/2014,182388,5.5
6/2/2014,182863.25,5.5
6/3/2014,182450.75,3.5
6/4/2014,183476,5.5
6/5/2014,185657.5,3.5
6/6/2014,187782.75,1.5
6/7/2014,187782.75,3.5
6/8/2014,187782.75,1.5
6/9/2014,188301.75,3.5
6/10/2014,188095.5,3.5
6/11/2014,186852,1.5
6/12/2014,184046,3.5
6/13/2014,184721.5,1.5
6/14/2014,184721.5,1.5
6/15/2014,184721.5,3.5
6/16/2014,186302.75,3.5
6/17/2014,188221.75,5.5
6/18/2014,193215.25,3.5
6/19/2014,193515.5,1.5
6/20/2014,194409.25,3.5
6/21/2014,194409.25,3.5
6/22/2014,194409.25,3.5
6/23/2014,194265.75,5.5
6/24/2014,192334.75,1.5
6/25/2014,195147.5,3.5
6/26/2014,194491.25,3.5
6/27/2014,195004.25,3.5
6/28/2014,195004.25,3.5
6/29/2014,195004.25,3.5
6/30/2014,194717,5.5
7/1/2014,199655,5.5
7/2/2014,198755.25,3.5
7/3/2014,200767.75,5.5
7/4/2014,200767.75,1.5
7/5/2014,200767.75,3.5
7/6/2014,200767.75,3.5
7/7/2014,199361.75,1.5
7/8/2014,195987,5.5
7/9/2014,197643.5,3.5
7/10/2014,195649.75,3.5
7/11/2014,196187.75,7.5
7/12/2014,196187.75,3.5
7/13/2014,196187.75,5.5
7/14/2014,198656.75,7.5
7/15/2014,197338.25,3.5
7/16/2014,199532.25,5.5
7/17/2014,195101.5,3.5
7/18/2014,203251.75,3.5
7/19/2014,203251.75,5.5
7/20/2014,203251.75,5.5
7/21/2014,202414.75,7.5
7/22/2014,204958.5,3.5
7/23/2014,206052.5,3.5
7/24/2014,206221.5,5.5
7/25/2014,203053,5.5
7/26/2014,203053,5.5
7/27/2014,203053,5.5
7/28/2014,203484.5,3.5
7/29/2014,201215.75,5.5
7/30/2014,201203.75,5.5
7/31/2014,190816.5,5.5
8/1/2014,187904.25,7.5
8/2/2014,187904.25,3.5
8/3/2014,187904.25,5.5
8/4/2014,192235.5,5.5
8/5/2014,186735.5,3.5
8/6/2014,186660.75,5.5
8/7/2014,182061,3.5
8/8/2014,188586.25,5.5
8/9/2014,188586.25,7.5
8/10/2014,188586.25,5.5
8/11/2014,190449.25,5.5
8/12/2014,190180.75,5.5
8/13/2014,193612.25,3.5
8/14/2014,194924.75,5.5
8/15/2014,194831.25,3.5
8/16/2014,194831.25,5.5
8/17/2014,194831.25,7.5
8/18/2014,199494.25,3.5
8/19/2014,202650.75,5.5
8/20/2014,205182,3.5
8/21/2014,206957.25,3.5
8/22/2014,205707.75,5.5
8/23/2014,205707.75,5.5
8/24/2014,205707.75,7.5
8/25/2014,208652,3.5
8/26/2014,209333.5,5.5
8/27/2014,208583.5,7.5
8/28/2014,208102.75,1.5
8/29/2014,208922,5.5
8/30/2014,208922,5.5
8/31/2014,208922,3.5
9/1/2014,208922,5.5
9/2/2014,208822.25,3.5
9/3/2014,208197.5,3.5
9/4/2014,207447.75,5.5
9/5/2014,210529.5,5.5
9/6/2014,210529.5,7.5
9/7/2014,210529.5,5.5
9/8/2014,209354.75,1.5
9/9/2014,203817.5,5.5
9/10/2014,206011.5,3.5
9/11/2014,206262,3.5
9/12/2014,201937.5,3.5
9/13/2014,201937.5,1.5
9/14/2014,201937.5,3.5
9/15/2014,202019,1.5
9/16/2014,206413,1.5
9/17/2014,206719,5.5
9/18/2014,208594.25,3.5
9/19/2014,209138.25,5.5
9/20/2014,209138.25,5.5
9/21/2014,209138.25,3.5
9/22/2014,205900.75,5.5
9/23/2014,204532.5,3.5
9/24/2014,208645.5,3.5
9/25/2014,203646,5.5
9/26/2014,208333.5,5.5
9/27/2014,208333.5,7.5
9/28/2014,208333.5,5.5
9/29/2014,207015,5.5
9/30/2014,205909,7.5
10/1/2014,196528,5.5
10/2/2014,195084.25,5.5
10/3/2014,201884.5,5.5
10/4/2014,201884.5,3.5
10/5/2014,201884.5,5.5
10/6/2014,200566,5.5
10/7/2014,193410,5.5
10/8/2014,204560.25,5.5
10/9/2014,194179,3.5
10/10/2014,189085.5,5.5
10/11/2014,189085.5,5.5
10/12/2014,189085.5,3.5
10/13/2014,189085.5,5.5
10/14/2014,177267,3.5
10/15/2014,173273.5,5.5
10/16/2014,172898.5,5.5
10/17/2014,182917.75,3.5
10/18/2014,182917.75,5.5
10/19/2014,182917.75,3.5
10/20/2014,184924.25,3.5
10/21/2014,194955.75,5.5
10/22/2014,192987,3.5
10/23/2014,197224.75,5.5
10/24/2014,200175,7.5
10/25/2014,200175,5.5
10/26/2014,200175,5.5
10/27/2014,199731.5,3.5
10/28/2014,205431.75,3.5
10/29/2014,205606.75,5.5
10/30/2014,207301,5.5
10/31/2014,216101.5,7.5
11/1/2014,216101.5,5.5
11/2/2014,216101.5,5.5
11/3/2014,216270.5,5.5
11/4/2014,215027,3.5
11/5/2014,218858.75,5.5
11/6/2014,220515.25,5.5
11/7/2014,220440.5,3.5
11/8/2014,220440.5,5.5
11/9/2014,220440.5,5.5
11/10/2014,221621.75,3.5
11/11/2014,221621.75,5.5
11/12/2014,222315.75,5.5
11/13/2014,222447.25,3.5
11/14/2014,222310,7.5
11/15/2014,222310,3.5
11/16/2014,222310,7.5
11/17/2014,222997.5,5.5
11/18/2014,226429,7.5
11/19/2014,225504.25,7.5
11/20/2014,226661,5.5
11/21/2014,229880.25,7.5
11/22/2014,229880.25,5.5
11/23/2014,229880.25,3.5
11/24/2014,231255.25,5.5
11/25/2014,231249.25,3.5
11/26/2014,231899.5,5.5
11/27/2014,231899.5,7.5
11/28/2014,230787.5,5.5
11/29/2014,230787.5,7.5
11/30/2014,230787.5,5.5
12/1/2014,226868.75,5.5
12/2/2014,230369,7.5
12/3/2014,233831.75,5.5
12/4/2014,232450.75,7.5
12/5/2014,233669.5,5.5
12/6/2014,233669.5,3.5
12/7/2014,233669.5,5.5
12/8/2014,228220,3.5
12/9/2014,228126.5,3.5
12/10/2014,219595.5,5.5
12/11/2014,221739.25,3.5
12/12/2014,216045.75,5.5
12/13/2014,216045.75,5.5
12/14/2014,216045.75,5.5
12/15/2014,212121,7.5
12/16/2014,210277.5,3.5
12/17/2014,218889,7.5
12/18/2014,226107.75,7.5
12/19/2014,230295.75,5.5
12/20/2014,230295.75,7.5
12/21/2014,230295.75,5.5
12/22/2014,230571,5.5
12/23/2014,232008.75,7.5
12/24/2014,231721.5,3.5
12/25/2014,231721.5,5.5
12/26/2014,234047,5.5
12/27/2014,234047,3.5
12/28/2014,234047,5.5
12/29/2014,234178.5,3.5
12/30/2014,229760.25,7.5
12/31/2014,226522.75,7.5
1/1/2015,226522.75,5.5
1/2/2015,226035.5,7.5
1/3/2015,226035.5,5.5
1/4/2015,226035.5,5.5
1/5/2015,215167,7.5
1/6/2015,213236,5.5
1/7/2015,217217.5,7.5
1/8/2015,230524,7.5
1/9/2015,227149.25,5.5
1/10/2015,227149.25,5.5
1/11/2015,227149.25,5.5
1/12/2015,219918.5,7.5
1/13/2015,219174.75,7.5
1/14/2015,217068.75,5.5
1/15/2015,213075.25,5.5
1/16/2015,216607,3.5
1/17/2015,216607,3.5
1/18/2015,216607,5.5
1/19/2015,216607,3.5
1/20/2015,218851,5.5
1/21/2015,221463.5,5.5
1/22/2015,229707.5,5.5
1/23/2015,226232.75,7.5
1/24/2015,226232.75,5.5
1/25/2015,226232.75,5.5
1/26/2015,226495.75,5.5
1/27/2015,220583.25,3.5
1/28/2015,211983.5,5.5
1/29/2015,215346.25,3.5
1/30/2015,209009.25,3.5
1/31/2015,209009.25,5.5
2/1/2015,209009.25,3.5
2/2/2015,214847,5.5
2/3/2015,219953.75,5.5
2/4/2015,216947.75,5.5
2/5/2015,222923,5.5
2/6/2015,218979.5,3.5
2/7/2015,218979.5,7.5
2/8/2015,218979.5,7.5
2/9/2015,218211.25,3.5
2/10/2015,224180.5,5.5
2/11/2015,224174.5,3.5
2/12/2015,231487,5.5
2/13/2015,234293.5,7.5
2/14/2015,234293.5,5.5
2/15/2015,234293.5,7.5
2/16/2015,234293.5,5.5
2/17/2015,234906.25,3.5
2/18/2015,234806.5,7.5
2/19/2015,234737.75,3.5
2/20/2015,238444.25,5.5
2/21/2015,238444.25,5.5
2/22/2015,238444.25,7.5
2/23/2015,237407,5.5
2/24/2015,240082.25,7.5
2/25/2015,238482.5,3.5
2/26/2015,238064,5.5
2/27/2015,237183,3.5
2/28/2015,237183,5.5
3/1/2015,237183,5.5
3/2/2015,240402.25,3.5
3/3/2015,237440,5.5
3/4/2015,236121.5,5.5
3/5/2015,236940.5,7.5
3/6/2015,231159.5,7.5
3/7/2015,231159.5,5.5
3/8/2015,231159.5,5.5
3/9/2015,234866,5.5
3/10/2015,229134.75,5.5
3/11/2015,227772.5,7.5
3/12/2015,234841.75,7.5
3/13/2015,230567.25,5.5
3/14/2015,230567.25,7.5
3/15/2015,230567.25,7.5
3/16/2015,238748.5,5.5
3/17/2015,237705.25,5.5
3/18/2015,243910.5,7.5
3/19/2015,239961,5.5
3/20/2015,244117.25,5.5
3/21/2015,244117.25,7.5
3/22/2015,244117.25,3.5
3/23/2015,243580.25,7.5
3/24/2015,238037,7.5
3/25/2015,232562.25,3.5
3/26/2015,231118.5,3.5
3/27/2015,231868.75,3.5
3/28/2015,231868.75,5.5
3/29/2015,231868.75,5.5
3/30/2015,236669.25,5.5
3/31/2015,229813.5,7.5
4/1/2015,227445,5.5
4/2/2015,231088.75,5.5
4/3/2015,225032.75,7.5
4/4/2015,225032.75,3.5
4/5/2015,225032.75,3.5
4/6/2015,231064.25,5.5
4/7/2015,230364.75,3.5
4/8/2015,230983.5,5.5
4/9/2015,233727.5,5.5
4/10/2015,237846.5,5.5
4/11/2015,237846.5,7.5
4/12/2015,237846.5,7.5
4/13/2015,235703.25,5.5
4/14/2015,236310,7.5
4/15/2015,239122.75,3.5
4/16/2015,238648,3.5
4/17/2015,232179.5,7.5
4/18/2015,232179.5,3.5
4/19/2015,232179.5,7.5
4/20/2015,235411,7.5
4/21/2015,234436.5,3.5
4/22/2015,237524.25,5.5
4/23/2015,240612,3.5
4/24/2015,241093.25,5.5
4/25/2015,241093.25,7.5
4/26/2015,241093.25,5.5
4/27/2015,238468.75,5.5
4/28/2015,240106.75,5.5
4/29/2015,238169.75,5.5
4/30/2015,231226,5.5
5/1/2015,237888.75,3.5
5/2/2015,237888.75,5.5
5/3/2015,237888.75,5.5
5/4/2015,239626.75,3.5
5/5/2015,230333.5,5.5
5/6/2015,227446,5.5
5/7/2015,229709,5.5
5/8/2015,240953,7.5
5/9/2015,240953,5.5
5/10/2015,240953,7.5
5/11/2015,238678.25,5.5
5/12/2015,235953.5,5.5
5/13/2015,235535,7.5
5/14/2015,239154.25,3.5
5/15/2015,240085.75,7.5
5/16/2015,240085.75,5.5
5/17/2015,240085.75,3.5
5/18/2015,242486,5.5
5/19/2015,241911.25,5.5
5/20/2015,242111.5,7.5
5/21/2015,243243,5.5
5/22/2015,241999.5,3.5
5/23/2015,241999.5,5.5
5/24/2015,241999.5,3.5
5/25/2015,241999.5,5.5
5/26/2015,237793.5,5.5
5/27/2015,243425,5.5
5/28/2015,242006.75,7.5
5/29/2015,240332.25,5.5
5/30/2015,240332.25,3.5
5/31/2015,240332.25,5.5
6/1/2015,240894.75,3.5
6/2/2015,239576.25,5.5
6/3/2015,241220.25,7.5
6/4/2015,233526.75,3.5
6/5/2015,232839.25,5.5
6/6/2015,232839.25,5.5
6/7/2015,232839.25,5.5
6/8/2015,230220.75,5.5
6/9/2015,229183.5,3.5
6/10/2015,236802.75,7.5
6/11/2015,237627.75,5.5
6/12/2015,233559.5,3.5
6/13/2015,233559.5,7.5
6/14/2015,233559.5,3.5
6/15/2015,231084.5,5.5
6/16/2015,234103.5,7.5
6/17/2015,236003.25,5.5
6/18/2015,239847.25,5.5
6/19/2015,236891,3.5
6/20/2015,236891,5.5
6/21/2015,236891,7.5
6/22/2015,239841.25,3.5
6/23/2015,240579.25,7.5
6/24/2015,238117.25,5.5
6/25/2015,235304.75,3.5
6/26/2015,234548.75,5.5
6/27/2015,234548.75,3.5
6/28/2015,234548.75,3.5
6/29/2015,222442.75,5.5
6/30/2015,225255.25,3.5
7/1/2015,228993.25,5.5
7/2/2015,229337.25,5.5
7/3/2015,229337.25,3.5
7/4/2015,229337.25,5.5
7/5/2015,229337.25,3.5
7/6/2015,226231.5,5.5
7/7/2015,229932,5.5
7/8/2015,221951,3.5
7/9/2015,224382.5,7.5
7/10/2015,230901.75,5.5
7/11/2015,230901.75,5.5
7/12/2015,230901.75,5.5
7/13/2015,236676.75,3.5
7/14/2015,239420.75,7.5
7/15/2015,238633.25,7.5
7/16/2015,241733.5,5.5
7/17/2015,242552.5,5.5
7/18/2015,242552.5,3.5
7/19/2015,242552.5,3.5
7/20/2015,242721.5,7.5
7/21/2015,240590.25,5.5
7/22/2015,238109.25,7.5
7/23/2015,236259.75,3.5
7/24/2015,228566.25,3.5
7/25/2015,228566.25,7.5
7/26/2015,228566.25,5.5
7/27/2015,224435.25,5.5
7/28/2015,235304.25,7.5
7/29/2015,239629.5,3.5
7/30/2015,239723.25,5.5
7/31/2015,237648.75,3.5
8/1/2015,237648.75,5.5
8/2/2015,237648.75,7.5
8/3/2015,236155.25,3.5
8/4/2015,235324.25,7.5
8/5/2015,236899.25,5.5
8/6/2015,234180.75,3.5
8/7/2015,231831.25,5.5
8/8/2015,231831.25,3.5
8/9/2015,231831.25,7.5
8/10/2015,239313,5.5
8/11/2015,234082,3.5
8/12/2015,234475.75,7.5
8/13/2015,234163.5,5.5
8/14/2015,236420.25,5.5
8/15/2015,236420.25,7.5
8/16/2015,236420.25,5.5
8/17/2015,237126.75,5.5
8/18/2015,236208,5.5
8/19/2015,234489.75,3.5
8/20/2015,227221.25,5.5
8/21/2015,209546.5,3.5
8/22/2015,209546.5,3.5
8/23/2015,209546.5,5.5
8/24/2015,199702.75,3.5
8/25/2015,192571.5,7.5
8/26/2015,202721.5,3.5
8/27/2015,209590.25,3.5
8/28/2015,209721.5,7.5
8/29/2015,209721.5,3.5
8/30/2015,209721.5,5.5
8/31/2015,209021.5,5.5
9/1/2015,197509.25,3.5
9/2/2015,205547,5.5
9/3/2015,207328.75,3.5
9/4/2015,203828.75,5.5
9/5/2015,203828.75,7.5
9/6/2015,203828.75,5.5
9/7/2015,203828.75,5.5
9/8/2015,210385.25,5.5
9/9/2015,208673,7.5
9/10/2015,209192,5.5
9/11/2015,209923.25,7.5
9/12/2015,209923.25,7.5
9/13/2015,209923.25,5.5
9/14/2015,209617.25,7.5
9/15/2015,214686.25,5.5
9/16/2015,215784.25,7.5
9/17/2015,216046.75,5.5
9/18/2015,208340.75,3.5
9/19/2015,208340.75,5.5
9/20/2015,208340.75,3.5
9/21/2015,209197.25,3.5
9/22/2015,205647.5,5.5
9/23/2015,205266.5,5.5
9/24/2015,204041.5,7.5
9/25/2015,204123,7.5
9/26/2015,204123,5.5
9/27/2015,204123,7.5
9/28/2015,200673,5.5
9/29/2015,199954.5,7.5
9/30/2015,207342.25,7.5
10/1/2015,207361,5.5
10/2/2015,209455,7.5
10/3/2015,209455,5.5
10/4/2015,209455,5.5
10/5/2015,216492.75,7.5
10/6/2015,214974.25,5.5
10/7/2015,217199.5,7.5
10/8/2015,218706.25,7.5
10/9/2015,219456.5,5.5
10/10/2015,219456.5,7.5
10/11/2015,219456.5,5.5
10/12/2015,219456.5,7.5
10/13/2015,217263,7.5
10/14/2015,216619.5,5.5
10/15/2015,221513.5,7.5
10/16/2015,223913.75,5.5
10/17/2015,223913.75,5.5
10/18/2015,223913.75,5.5
10/19/2015,223995.25,3.5
10/20/2015,223989.25,7.5
10/21/2015,222326.75,7.5
10/22/2015,227964.5,5.5
10/23/2015,234214.75,7.5
10/24/2015,234214.75,5.5
10/25/2015,234214.75,7.5
10/26/2015,233377.5,7.5
10/27/2015,231521.25,5.5
10/28/2015,238115.25,7.5
10/29/2015,238721.75,5.5
10/30/2015,237272,5.5
10/31/2015,237272,7.5
11/1/2015,237272,5.5
11/2/2015,240465.75,7.5
11/3/2015,241247.25,7.5
11/4/2015,238972.5,5.5
11/5/2015,239229,7.5
11/6/2015,237916.75,5.5
11/7/2015,237916.75,7.5
11/8/2015,237916.75,5.5
11/9/2015,235198.25,3.5
11/10/2015,235323.5,5.5
11/11/2015,235323.5,3.5
11/12/2015,229630,3.5
11/13/2015,227711.5,5.5
11/14/2015,227711.5,3.5
11/15/2015,227711.5,5.5
11/16/2015,232474.25,3.5
11/17/2015,232655.75,5.5
11/18/2015,237687,3.5
11/19/2015,237806.25,7.5
11/20/2015,239287.75,7.5
11/21/2015,239287.75,5.5
11/22/2015,239287.75,7.5
11/23/2015,238456.75,5.5
11/24/2015,238938,5.5
11/25/2015,239107,5.5
11/26/2015,239107,7.5
11/27/2015,239719.75,3.5
11/28/2015,239719.75,5.5
11/29/2015,239719.75,5.5
11/30/2015,237870.25,5.5
12/1/2015,244895.5,7.5
12/2/2015,239458.25,3.5
12/3/2015,233677.25,5.5
12/4/2015,245771.25,5.5
12/5/2015,245771.25,5.5
12/6/2015,245771.25,7.5
12/7/2015,243046.75,5.5
12/8/2015,238915.75,7.5
12/9/2015,234372.25,5.5
12/10/2015,235678.75,3.5
12/11/2015,223847.75,5.5
12/12/2015,223847.75,3.5
12/13/2015,223847.75,5.5
12/14/2015,224585.5,5.5
12/15/2015,226735.75,3.5
12/16/2015,232203.25,5.5
12/17/2015,227647.25,3.5
12/18/2015,217397.5,3.5
12/19/2015,217397.5,5.5
12/20/2015,217397.5,3.5
12/21/2015,217522.75,7.5
12/22/2015,219254.5,7.5
12/23/2015,226948.5,5.5
12/24/2015,226067.5,7.5
12/25/2015,226067.5,3.5
12/26/2015,226067.5,5.5
12/27/2015,226067.5,7.5
12/28/2015,224623.75,3.5
12/29/2015,231561.5,7.5
12/30/2015,229411.75,3.5
12/31/2015,224593.25,3.5
1/1/2016,224593.25,7.5
1/2/2016,224593.25,5.5
1/3/2016,224593.25,7.5
1/4/2016,216799.75,7.5
1/5/2016,217618.75,5.5
1/6/2016,212975.25,5.5
1/7/2016,209800.5,3.5
1/8/2016,206169.25,7.5
1/9/2016,206169.25,7.5
1/10/2016,206169.25,5.5
1/11/2016,206382,7.5
1/12/2016,207482.25,3.5
1/13/2016,199076.25,3.5
1/14/2016,201495,5.5
1/15/2016,198020.25,3.5
1/16/2016,198020.25,5.5
1/17/2016,198020.25,5.5
1/18/2016,198020.25,3.5
1/19/2016,198708.25,7.5
1/20/2016,194721,5.5
1/21/2016,198702.5,3.5
1/22/2016,204077.75,7.5
1/23/2016,204077.75,3.5
1/24/2016,204077.75,5.5
1/25/2016,201915.5,5.5
1/26/2016,206366,3.5
1/27/2016,202810.25,7.5
1/28/2016,204685.5,5.5
1/29/2016,216154.75,7.5
1/30/2016,216154.75,5.5
1/31/2016,216154.75,3.5
2/1/2016,216805,5.5
2/2/2016,209443,3.5
2/3/2016,211018,3.5
2/4/2016,211749.75,5.5
2/5/2016,205350.25,3.5
2/6/2016,205350.25,5.5
2/7/2016,205350.25,3.5
2/8/2016,201538,5.5
2/9/2016,200781.75,7.5
2/10/2016,201257,5.5
2/11/2016,198363.5,7.5
2/12/2016,205707.75,7.5
2/13/2016,205707.75,5.5
2/14/2016,205707.75,7.5
2/15/2016,205707.75,5.5
2/16/2016,207801.75,5.5
2/17/2016,214233,7.5
2/18/2016,212345.75,5.5
2/19/2016,212315,7.5
2/20/2016,212315,5.5
2/21/2016,212315,1.5
2/22/2016,220203.25,5.5
2/23/2016,216703.25,1.5
2/24/2016,217216.25,3.5
2/25/2016,225454.25,3.5
2/26/2016,225798.25,1.5
2/27/2016,225798.25,5.5
2/28/2016,225798.25,1.5
2/29/2016,222629.75,1.5
3/1/2016,235649,5.5
3/2/2016,237043,1.5
3/3/2016,239924.5,3.5
3/4/2016,241324.5,5.5
3/5/2016,241324.5,3.5
3/6/2016,241324.5,3.5
3/7/2016,241274.75,1.5
3/8/2016,236656.5,3.5
3/9/2016,238094.25,3.5
3/10/2016,237426,3.5
3/11/2016,243726,7.5
3/12/2016,243726,3.5
3/13/2016,243726,3.5
3/14/2016,244070,5.5
3/15/2016,241239.25,3.5
3/16/2016,245994.75,5.5
3/17/2016,249982.25,5.5
3/18/2016,251695,3.5
3/19/2016,251695,7.5
3/20/2016,251695,5.5
3/21/2016,251645.25,3.5
3/22/2016,252045.75,7.5
3/23/2016,248058.25,5.5
3/24/2016,247502.25,5.5
3/25/2016,249271.5,5.5
3/26/2016,249271.5,5.5
3/27/2016,249271.5,7.5
3/28/2016,248959.25,7.5
3/29/2016,253359.25,3.5
3/30/2016,256790.75,7.5
3/31/2016,256434.75,5.5
4/1/2016,259522.5,7.5
4/2/2016,259522.5,5.5
4/3/2016,259522.5,5.5
4/4/2016,257547.75,5.5
4/5/2016,253141.75,3.5
4/6/2016,260073.25,5.5
4/7/2016,253530,3.5
4/8/2016,254549.25,3.5
4/9/2016,254549.25,5.5
4/10/2016,254549.25,5.5
4/11/2016,254337,7.5
4/12/2016,257262.25,7.5
4/13/2016,263306.25,5.5
4/14/2016,263606.5,5.5
4/15/2016,262569.25,3.5
4/16/2016,262569.25,5.5
4/17/2016,262569.25,7.5
4/18/2016,267807.25,5.5
4/19/2016,268720,5.5
4/20/2016,269951.5,3.5
4/21/2016,267895.25,3.5
4/22/2016,267845.5,5.5
4/23/2016,267845.5,5.5
4/24/2016,267845.5,
4/25/2016,266389.75,
4/26/2016,267758.75,
4/27/2016,271028,
4/28/2016,267040.75,
4/29/2016,264766,
4/30/2016,264766,
5/1/2016,264766,
5/2/2016,269810.5,
5/3/2016,268223.5,
5/4/2016,265817.25,
5/5/2016,264917.5,
5/6/2016,265742.75,
5/7/2016,265742.75,
5/8/2016,265742.75,
5/9/2016,267581,
5/10/2016,271737.25,
5/11/2016,268800,
5/12/2016,268719.25,
5/13/2016,263694.5,
5/14/2016,263694.5,
5/15/2016,263694.5,
5/16/2016,271282.25,
5/17/2016,265151.5,
5/18/2016,265045.75,
5/19/2016,264283.5,
5/20/2016,266021.5,
5/21/2016,266021.5,
5/22/2016,266021.5,
5/23/2016,265977.75,
5/24/2016,270696.75,
5/25/2016,271797,
5/26/2016,271791,
5/27/2016,272278.5,
5/28/2016,272278.5,
5/29/2016,272278.5,
5/30/2016,272278.5,
5/31/2016,272191.5,
6/1/2016,273148,
6/2/2016,273667,
6/3/2016,272842,
6/4/2016,272842,
6/5/2016,272842,
6/6/2016,276136,
6/7/2016,276436.25,
6/8/2016,278286.5,
6/9/2016,277805.25,
6/10/2016,273949.25,
6/11/2016,273949.25,
6/12/2016,273949.25,
6/13/2016,270087.25,
6/14/2016,268362.5,
6/15/2016,268018.25,
6/16/2016,269462,
6/17/2016,267462.25,
6/18/2016,267462.25,
6/19/2016,267462.25,
6/20/2016,273925,
6/21/2016,274394.25,
6/22/2016,273638,
6/23/2016,279613.25,
6/24/2016,267882.25,
6/25/2016,267882.25,
6/26/2016,267882.25,
6/27/2016,256939,
6/28/2016,265739,
6/29/2016,275352,
6/30/2016,281877.25,
7/1/2016,283840,
7/2/2016,283840,
7/3/2016,283840,
7/4/2016,283840,
7/5/2016,280540,
7/6/2016,282802.75,
7/7/2016,282665.5,
7/8/2016,290840.75,
7/9/2016,290840.75,
7/10/2016,290840.75,
7/11/2016,292716,
7/12/2016,296428.5,
7/13/2016,296972.5,
7/14/2016,298804,
7/15/2016,298110.5,
7/16/2016,298110.5,
7/17/2016,298110.5,
7/18/2016,299248,
7/19/2016,298367,
7/20/2016,301592.25,
7/21/2016,299792.5,
7/22/2016,302742.75,
7/23/2016,302742.75,
7/24/2016,302742.75,
7/25/2016,299830.5,
7/26/2016,300437.25,
7/27/2016,300431.25,
7/28/2016,301131.25,
7/29/2016,301737.75,
7/30/2016,301737.75,
7/31/2016,301737.75,
8/1/2016,299938.25,
8/2/2016,296563.5,
8/3/2016,298057.5,
8/4/2016,298951.25,
8/5/2016,303820.5,
8/6/2016,303820.5,
8/7/2016,303820.5,
8/8/2016,303195.75,
8/9/2016,303671,
8/10/2016,301608.5,
8/11/2016,305658.75,
8/12/2016,304952.75,
8/13/2016,304952.75,
8/14/2016,304952.75,
8/15/2016,307084,
8/16/2016,304396.75,
8/17/2016,304565.75,
8/18/2016,305516.25,
8/19/2016,305029,
8/20/2016,305029,
8/21/2016,305029,
8/22/2016,304842,
8/23/2016,306611.25,
8/24/2016,303930.5,
8/25/2016,303924.5,
8/26/2016,303093.5,
8/27/2016,303093.5,
8/28/2016,303093.5,
8/29/2016,307406,
8/30/2016,305806.25,
8/31/2016,304425.25,
9/1/2016,303481.75,
9/2/2016,306775.75,
9/3/2016,306775.75,
9/4/2016,306775.75,
9/5/2016,306775.75,
9/6/2016,307469.75,
9/7/2016,307807.5,
9/8/2016,307232.75,
9/9/2016,293820.5,
9/10/2016,293820.5,
9/11/2016,293820.5,
9/12/2016,304408.25,
9/13/2016,294502.25,
9/14/2016,294814.25,
9/15/2016,301551.75,
9/16/2016,298727,
9/17/2016,298727,
9/18/2016,298727,
9/19/2016,298814.75,
9/20/2016,299565,
9/21/2016,307246.5,
9/22/2016,311365.5,
9/23/2016,309172,
9/24/2016,309172,
9/25/2016,309172,
9/26/2016,303872.25,
9/27/2016,306016,
9/28/2016,307978.75,
9/29/2016,303847.75,
9/30/2016,307123,
10/1/2016,307123,
10/2/2016,307123,
10/3/2016,303891.75,
10/4/2016,300717.25,
10/5/2016,303392.5,
10/6/2016,303755.5,
10/7/2016,302693.5,
10/8/2016,302693.5,
10/9/2016,302693.5,
10/10/2016,302693.5,
10/11/2016,295943.5,
10/12/2016,297531.25,
10/13/2016,295531.5,
10/14/2016,296931.75,
10/15/2016,296931.75,
10/16/2016,296931.75,
10/17/2016,294319.25,
10/18/2016,297750.75,
10/19/2016,300270,
10/20/2016,299301.5,
10/21/2016,299095.25,
10/22/2016,299095.25,
10/23/2016,299095.25,
10/24/2016,301839.25,
10/25/2016,300477,
10/26/2016,300058.5,
10/27/2016,298734,
10/28/2016,296015.25,
10/29/2016,296015.25,
10/30/2016,296015.25,
10/31/2016,296384.25,
11/1/2016,292115.75,
11/2/2016,288547.25,
11/3/2016,284353.5,
11/4/2016,284485,
11/5/2016,284485,
11/6/2016,284485,
11/7/2016,299760.25,
11/8/2016,304635.5,
11/9/2016,312041.75,
11/10/2016,313160.75,
11/11/2016,313160.75,
11/12/2016,313160.75,
11/13/2016,313160.75,
11/14/2016,311842.5,
11/15/2016,316849.25,
11/16/2016,316087,
11/17/2016,319743.25,
11/18/2016,319081,
11/19/2016,319081,
11/20/2016,319081,
11/21/2016,322369,
11/22/2016,324494.25,
11/23/2016,324538,
11/24/2016,324538,
11/25/2016,326194.5,
11/26/2016,326194.5,
11/27/2016,326194.5,
11/28/2016,323094.75,
11/29/2016,323395,
11/30/2016,323601.25,
12/1/2016,319395.5,
12/2/2016,320489.5,
12/3/2016,320489.5,
12/4/2016,320489.5,
12/5/2016,324796,
12/6/2016,326502.75,
12/7/2016,334615.25,
12/8/2016,336809.25,
12/9/2016,338772,
12/10/2016,338772,
12/11/2016,338772,
12/12/2016,338353.5,
12/13/2016,341591,
12/14/2016,338839.5,
12/15/2016,340346,
12/16/2016,338808.75,
12/17/2016,338808.75,
12/18/2016,338808.75,
12/19/2016,340252.5,
12/20/2016,342715.5,
12/21/2016,341741,
12/22/2016,339947.5,
12/23/2016,340329.25,
12/24/2016,340329.25,
12/25/2016,340329.25,
12/26/2016,340329.25,
12/27/2016,343048,
12/28/2016,335442.25,
12/29/2016,335305,
12/30/2016,331792.75,
12/31/2016,331792.75,
1/1/2017,331792.75,
1/2/2017,331792.75,
1/3/2017,334849.25,
1/4/2017,339587,
1/5/2017,338081,
1/6/2017,341581.25,
1/7/2017,341581.25,
1/8/2017,341581.25,
1/9/2017,338294,
1/10/2017,338425.5,
1/11/2017,338807.25,
1/12/2017,337389,
1/13/2017,338389.25,
1/14/2017,338389.25,
1/15/2017,338389.25,
1/16/2017,338389.25,
1/17/2017,335627.25,
1/18/2017,337271.25,
1/19/2017,333702.75,
1/20/2017,335553,
1/23/2017,334884.75,
1/24/2017,337416.25,
1/25/2017,342222.75,
1/26/2017,341823,
1/27/2017,340723,
1/30/2017,336798.25,
1/31/2017,336879.75,
2/1/2017,337417.75,
2/2/2017,337343,
2/3/2017,343718,
2/6/2017,341180.75,
2/7/2017,341375,
2/8/2017,342531.75,
2/9/2017,346313,
2/10/2017,348575.75,
2/13/2017,353544.5,
2/14/2017,356444.75,
2/15/2017,360082.5,
2/16/2017,358676.25,
2/17/2017,359795.25,
2/21/2017,364607.75,
2/22/2017,363639.25,
2/23/2017,364195.75,
2/24/2017,364252.5,
2/27/2017,365896.5,
2/28/2017,363165.75,
3/1/2017,369760,
3/2/2017,363103.75,
3/3/2017,362716.75,
3/6/2017,362279.25,
3/7/2017,360179.25,
3/8/2017,359735.75,
3/9/2017,360342.5,
3/10/2017,361911.75,
3/13/2017,362799.5,
3/14/2017,359324.75,
3/15/2017,365524,
3/16/2017,363318,
3/17/2017,363024.75,
3/20/2017,362106,
3/21/2017,356850,
3/22/2017,358150.25,
3/23/2017,357356.75,
3/24/2017,357619.75,
3/27/2017,357195.25,
3/28/2017,361520.5,
3/29/2017,361895.5,
3/30/2017,364608.25,
3/31/2017,364533.5,
4/3/2017,361052.75,
4/4/2017,361184,
4/5/2017,360559.5,
4/6/2017,361110,
4/7/2017,361010.5,
4/10/2017,361291.75,
4/11/2017,358186,
4/12/2017,357305,
4/13/2017,353792.75,
4/14/2017,353699.25,
4/17/2017,358162,
4/18/2017,358718.5,
4/19/2017,354925.25,
4/20/2017,361650.75,
4/21/2017,359450.75,
4/24/2017,366038.75,
4/25/2017,370295.25,
4/26/2017,369851.75,
4/27/2017,369851.75,
4/28/2017,368264.5,
5/1/2017,369964.75,
5/2/2017,368784,
5/3/2017,368497,
5/4/2017,368903.5,
5/5/2017,371710,
5/8/2017,371566.5,
5/9/2017,372498,
5/10/2017,372704.25,
5/11/2017,371804.5,
5/12/2017,369636.25,
5/15/2017,371899.25,
5/16/2017,371424.5,
5/17/2017,360831,
5/18/2017,362225,
5/19/2017,365100.5,
5/22/2017,369219.5,
5/23/2017,370244.75,
5/24/2017,372026.25,
5/25/2017,372195.25,
5/26/2017,375076.75,
5/30/2017,374983.25,
5/31/2017,374215,
6/1/2017,378465.5,
6/2/2017,379284.5,
6/5/2017,382091,
6/6/2017,381672.5,
6/7/2017,381535.25,
6/8/2017,380979.25,
6/9/2017,379879.5,
6/12/2017,379392.25,
6/13/2017,385005.25,
6/14/2017,384178.75,
6/15/2017,382791.75,
6/16/2017,382860.5,
6/19/2017,388623.5,
6/20/2017,384836.25,
6/21/2017,384430.5,
6/22/2017,384518.25,
6/23/2017,384581,
6/26/2017,385225.25,
6/27/2017,384463.25,
6/28/2017,384851,
6/29/2017,379688.75,
6/30/2017,380526.5,
7/3/2017,381477,
7/5/2017,383258.5,
7/6/2017,379008.75,
7/7/2017,383677.75,
7/10/2017,385259.5,
7/11/2017,384416.25,
7/12/2017,391535.25,
7/13/2017,392423,
7/14/2017,394735.75,
7/17/2017,393973.5,
7/18/2017,394148.5,
7/19/2017,394623.75,
7/20/2017,397917.75,
7/21/2017,397999.25,
7/24/2017,397243,
7/25/2017,398405.75,
7/26/2017,398137.25,
7/27/2017,397031.25,
7/28/2017,397200.25,
7/30/2017,397200.25,
7/31/2017,397750.25,
8/1/2017,397950.5,
8/2/2017,397938.5,
8/3/2017,396620,
8/4/2017,397513.75,
8/6/2017,397513.75,
8/7/2017,398876.75,
8/8/2017,397358.25,
8/9/2017,397083.75,
8/10/2017,384990,
8/11/2017,386202.75,
8/13/2017,386202.75,
8/14/2017,392378.25,
8/15/2017,393197.25,
8/16/2017,393109.75,
8/17/2017,386929,
8/18/2017,386641.75,
8/20/2017,386641.75,
8/21/2017,386017,
8/22/2017,395192.5,
8/23/2017,393967.5,
8/24/2017,392818,
8/25/2017,395155.75,
8/27/2017,395155.75,
8/28/2017,394318.75,
8/29/2017,395412.75,
8/30/2017,398682,
8/31/2017,401694.75,
9/1/2017,403063.75,
9/4/2017,403063.75,
9/5/2017,399032.75,
9/6/2017,400608,
9/7/2017,401908.5,
9/8/2017,401327.75,
9/10/2017,401327.75,
9/11/2017,410978,
9/12/2017,413103.25,
9/13/2017,413283,
9/14/2017,413208.25,
9/15/2017,413852.5,
9/17/2017,413852.5,
9/18/2017,416096.5,
9/19/2017,416846.75,
9/20/2017,416441,
9/21/2017,415403.75,
9/22/2017,415197.5,
9/24/2017,415197.5,
9/25/2017,413266.5,
9/26/2017,414948,
9/27/2017,417617.25,
9/28/2017,417411,
9/29/2017,419742.5,
10/1/2017,419742.5,
10/2/2017,421355.25,
10/3/2017,423343,
10/4/2017,423955.5,
10/5/2017,426530.75,
10/6/2017,425631,
10/9/2017,425631,
10/10/2017,425837.75,
10/11/2017,427794.5,
10/12/2017,427138.25,
10/13/2017,427607.5,
10/15/2017,427607.5,
10/16/2017,428908,
10/17/2017,429208.25,
10/18/2017,430170.75,
10/19/2017,429271,
10/20/2017,431715,
10/22/2017,431715,
10/23/2017,429990.25,
10/24/2017,430159.25,
10/25/2017,426784.5,
10/26/2017,429216,
10/27/2017,434085.25,
10/29/2017,434085.25,
10/30/2017,432010.75,
10/31/2017,432417.25,
11/1/2017,434380,
11/2/2017,434374,
11/3/2017,436999,
11/5/2017,436999,
11/6/2017,438868,
11/7/2017,437624.5,
11/8/2017,439774.75,
11/9/2017,437362.5,
11/12/2017,437362.5,
11/13/2017,437262.75,
11/14/2017,435675.5,
11/15/2017,434007,
11/16/2017,439363.5,
11/17/2017,437832.25,
11/19/2017,437832.25,
11/20/2017,438482.5,
11/21/2017,443076.75,
11/22/2017,443002,
11/23/2017,443002,
11/24/2017,443002,
11/26/2017,443002,
11/27/2017,444783.25,
11/28/2017,453589.75,
11/29/2017,453377.5,
11/30/2017,461152.75,
12/1/2017,460184.25,
12/3/2017,460184.25,
12/4/2017,459903,
12/5/2017,455772,
12/6/2017,456109.75,
12/7/2017,457978.75,
12/8/2017,461347.5,
12/10/2017,461347.5,
12/11/2017,463816.5,
12/12/2017,466810.5,
12/13/2017,467240.75,
12/14/2017,463303.25,
12/15/2017,470141,
12/17/2017,470141,
12/18/2017,474810,
12/19/2017,471804,
12/20/2017,471179.25,
12/21/2017,473523,
12/22/2017,472298.25,
12/25/2017,472298.25,
12/26/2017,471879.75,
12/27/2017,470655,
12/28/2017,471411.25,
12/29/2017,470230.5,
1/1/2018,470230.5,
1/2/2018,473593.25,
1/3/2018,477081.25,
1/4/2018,481206.25,
1/5/2018,486919,
1/7/2018,486919,
1/8/2018,489044.25,
1/9/2018,491850.75,
1/10/2018,489919.75,
1/11/2018,496013.5,
1/12/2018,504445,
1/15/2018,504445,
1/16/2018,503064,
1/17/2018,512433,
1/18/2018,510301.75,
1/19/2018,513389.5,
1/21/2018,513389.5,
1/22/2018,521071,
1/23/2018,524296.25,
1/24/2018,524390,
1/25/2018,523165.25,
1/26/2018,531753,
1/28/2018,531753,
1/29/2018,524809.5,
1/30/2018,518753.5,
1/31/2018,519216.25,
2/1/2018,515154,
2/2/2018,505916.75,
2/4/2018,505916.75,
2/5/2018,480473.25,
2/6/2018,483798.25,
2/7/2018,484973.5,
2/8/2018,458498.75,
2/9/2018,461730.25,
2/11/2018,461730.25,
2/12/2018,471005.5,
2/13/2018,472705.75,
2/14/2018,482599.75,
2/15/2018,487137.75,
2/16/2018,492575.25,
2/19/2018,492575.25,
2/20/2018,482163,
2/21/2018,483738.25,
2/22/2018,477451,
2/23/2018,489344.75,
2/25/2018,489344.75,
2/26/2018,498488.5,
2/27/2018,491676.25,
2/28/2018,480695.5,
3/1/2018,472595.75,
3/2/2018,475552,
3/4/2018,475552,
3/5/2018,486345.75,
3/6/2018,486339.75,
3/7/2018,487359,
3/8/2018,487178,
3/9/2018,501534.75,
3/11/2018,501534.75,
3/12/2018,504422.25,
3/13/2018,495753.75,
3/14/2018,491284.5,
3/15/2018,491416,
3/16/2018,494128.75,
3/18/2018,494128.75,
3/19/2018,480922.75,
3/20/2018,482316.75,
3/21/2018,483479.5,
3/22/2018,470042.25,
3/23/2018,455742.25,
3/25/2018,455742.25,
3/26/2018,473267.5,
3/27/2018,463767.75,
3/28/2018,465686.75,
3/29/2018,472118,
4/1/2018,472118,
4/2/2018,458637,
4/3/2018,469837.25,
4/4/2018,474944,
4/5/2018,483944,
4/6/2018,460031.75,
4/8/2018,460031.75,
4/9/2018,467175.75,
4/10/2018,478976.25,
4/11/2018,476389,
4/12/2018,482776.75,
4/13/2018,477702.25,
4/15/2018,477702.25,
4/16/2018,482284,
4/17/2018,493615.75,
4/18/2018,493747,
4/19/2018,490628.75,
4/20/2018,479841.5,
4/22/2018,479841.5,
4/23/2018,480798,
4/24/2018,464016.75,
4/25/2018,466729.5,
4/26/2018,476480,
4/27/2018,477367.75,
4/29/2018,477367.75,
4/30/2018,474993.25,
5/1/2018,471337,
5/2/2018,466174.75,
5/3/2018,464312.5,
5/4/2018,478269.25,
5/6/2018,478269.25,
5/7/2018,478838,
5/8/2018,478657,
5/9/2018,486144.75,
5/10/2018,490776.25,
5/11/2018,492220,
5/13/2018,492220,
5/14/2018,492901.5,
5/15/2018,488602,
5/16/2018,494783.5,
5/17/2018,494571.25,
5/18/2018,493640.5,
5/20/2018,493640.5,
5/21/2018,500003.5,
5/22/2018,499035,
5/23/2018,499504.25,
5/24/2018,499085.75,
5/25/2018,497805,
5/28/2018,497805,
5/29/2018,487111.5,
5/30/2018,496249.25,
5/31/2018,490337,
6/1/2018,497274.75,
6/3/2018,497274.75,
6/4/2018,499631.25,
6/5/2018,500244,
6/6/2018,503481.5,
6/7/2018,503913,
6/8/2018,506382,
6/10/2018,506382,
6/11/2018,508038.5,
6/12/2018,506932.5,
6/13/2018,506149.75,
6/14/2018,507450,
6/15/2018,504912.75,
6/17/2018,504912.75,
6/18/2018,503463,
6/19/2018,498119.25,
6/20/2018,502238.25,
6/21/2018,495288.5,
6/22/2018,501470,
6/24/2018,501470,
6/25/2018,489026.25,
6/26/2018,491289,
6/27/2018,484908,
6/28/2018,487102,
6/29/2018,491314.75,
7/1/2018,491314.75,
7/2/2018,489102.75,
7/3/2018,488434.5,
7/4/2018,488434.5,
7/5/2018,494885,
7/6/2018,496566.5,
7/8/2018,496566.5,
7/9/2018,501160.25,
7/10/2018,502685.5,
7/11/2018,501548.5,
7/12/2018,506486.5,
7/13/2018,506899,
7/15/2018,506899,
7/16/2018,506605.75,
7/17/2018,510718.75,
7/18/2018,510956.5,
7/19/2018,509113,
7/20/2018,508419.5,
7/22/2018,508419.5,
7/23/2018,509151.25,
7/24/2018,510370.25,
7/25/2018,512258,
7/26/2018,511733,
7/27/2018,508308.5,
7/29/2018,508308.5,
7/30/2018,505496.5,
7/31/2018,511578.25,
8/1/2018,511053.25,
8/2/2018,513278.5,
8/3/2018,516228.75,
8/5/2018,516228.75,
8/6/2018,518147.75,
8/7/2018,520622.75,
8/8/2018,521029.25,
8/9/2018,520273.5,
8/10/2018,511830,
8/12/2018,511830,
8/13/2018,509417.75,
8/14/2018,512162,
8/15/2018,505031,
8/16/2018,510450.25,
8/17/2018,513875.75,
8/19/2018,513875.75,
8/20/2018,515732,
8/21/2018,516963.5,
8/22/2018,516588.5,
8/23/2018,513295.25,
8/24/2018,516870.75,
8/26/2018,516870.75,
8/27/2018,524364.75,
8/28/2018,524565,
8/29/2018,531871.5,
8/30/2018,527746.5,
8/31/2018,527665.75,
9/3/2018,527665.75,
9/4/2018,525734.75,
9/5/2018,524591.25,
9/6/2018,522866.5,
9/7/2018,521291.5,
9/9/2018,521291.5,
9/10/2018,522729.25,
9/11/2018,524779.75,
9/12/2018,525323.75,
9/13/2018,529448.75,
9/14/2018,531411.5,
9/16/2018,531411.5,
9/17/2018,527137,
9/18/2018,531462.25,
9/19/2018,532035.75,
9/20/2018,538148.5,
9/21/2018,537298.75,
9/23/2018,537298.75,
9/24/2018,534330.5,
9/25/2018,533705.75,
9/26/2018,532349.5,
9/27/2018,533174.75,
9/28/2018,532956.5,
